-- MySQL dump 10.13  Distrib 8.0.33, for Win64 (x86_64)
--
-- Host: localhost    Database: webbanmy
-- ------------------------------------------------------
-- Server version	8.0.33

/*!40101 SET @OLD_CHARACTER_SET_CLIENT=@@CHARACTER_SET_CLIENT */;
/*!40101 SET @OLD_CHARACTER_SET_RESULTS=@@CHARACTER_SET_RESULTS */;
/*!40101 SET @OLD_COLLATION_CONNECTION=@@COLLATION_CONNECTION */;
/*!50503 SET NAMES utf8 */;
/*!40103 SET @OLD_TIME_ZONE=@@TIME_ZONE */;
/*!40103 SET TIME_ZONE='+00:00' */;
/*!40014 SET @OLD_UNIQUE_CHECKS=@@UNIQUE_CHECKS, UNIQUE_CHECKS=0 */;
/*!40014 SET @OLD_FOREIGN_KEY_CHECKS=@@FOREIGN_KEY_CHECKS, FOREIGN_KEY_CHECKS=0 */;
/*!40101 SET @OLD_SQL_MODE=@@SQL_MODE, SQL_MODE='NO_AUTO_VALUE_ON_ZERO' */;
/*!40111 SET @OLD_SQL_NOTES=@@SQL_NOTES, SQL_NOTES=0 */;

--
-- Table structure for table `accessory`
--

DROP TABLE IF EXISTS `accessory`;
/*!40101 SET @saved_cs_client     = @@character_set_client */;
/*!50503 SET character_set_client = utf8mb4 */;
CREATE TABLE `accessory` (
  `id` bigint NOT NULL AUTO_INCREMENT,
  `image` varchar(255) DEFAULT NULL,
  `name` varchar(100) NOT NULL,
  `price` double NOT NULL,
  `quantity` int NOT NULL,
  `product_id` bigint DEFAULT NULL,
  `deleted` bit(1) NOT NULL,
  PRIMARY KEY (`id`),
  KEY `FKnlbqq57firxc7g1ekw7ctimeg` (`product_id`),
  CONSTRAINT `FKnlbqq57firxc7g1ekw7ctimeg` FOREIGN KEY (`product_id`) REFERENCES `product` (`id`)
) ENGINE=InnoDB AUTO_INCREMENT=69 DEFAULT CHARSET=utf8mb4 COLLATE=utf8mb4_0900_ai_ci;
/*!40101 SET character_set_client = @saved_cs_client */;

--
-- Dumping data for table `accessory`
--

LOCK TABLES `accessory` WRITE;
/*!40000 ALTER TABLE `accessory` DISABLE KEYS */;
/*!40000 ALTER TABLE `accessory` ENABLE KEYS */;
UNLOCK TABLES;

--
-- Table structure for table `address_book`
--

DROP TABLE IF EXISTS `address_book`;
/*!40101 SET @saved_cs_client     = @@character_set_client */;
/*!50503 SET character_set_client = utf8mb4 */;
CREATE TABLE `address_book` (
  `address_book_id` bigint NOT NULL AUTO_INCREMENT,
  `address` varchar(255) DEFAULT NULL,
  `city` varchar(255) DEFAULT NULL,
  `district` varchar(255) DEFAULT NULL,
  `phone_number` varchar(255) DEFAULT NULL,
  `recipient_name` varchar(255) DEFAULT NULL,
  `ward` varchar(255) DEFAULT NULL,
  `user_id` bigint DEFAULT NULL,
  `is_default` bit(1) NOT NULL,
  `is_delete` bit(1) NOT NULL,
  PRIMARY KEY (`address_book_id`),
  KEY `FKtonvl3iscjgwmgrgehbyhhaok` (`user_id`),
  CONSTRAINT `FKtonvl3iscjgwmgrgehbyhhaok` FOREIGN KEY (`user_id`) REFERENCES `user` (`id`)
) ENGINE=InnoDB AUTO_INCREMENT=19 DEFAULT CHARSET=utf8mb4 COLLATE=utf8mb4_0900_ai_ci;
/*!40101 SET character_set_client = @saved_cs_client */;

--
-- Dumping data for table `address_book`
--

LOCK TABLES `address_book` WRITE;
/*!40000 ALTER TABLE `address_book` DISABLE KEYS */;
INSERT INTO `address_book` VALUES (18,'25/27 Đường 6','Thành phố Hồ Chí Minh','Thành phố Thủ Đức','0967626481','Nguyễn Văn A','Phường Tăng Nhơn Phú B',1,_binary '',_binary '\0');
/*!40000 ALTER TABLE `address_book` ENABLE KEYS */;
UNLOCK TABLES;

--
-- Table structure for table `category`
--

DROP TABLE IF EXISTS `category`;
/*!40101 SET @saved_cs_client     = @@character_set_client */;
/*!50503 SET character_set_client = utf8mb4 */;
CREATE TABLE `category` (
  `id` bigint NOT NULL AUTO_INCREMENT,
  `description` varchar(500) DEFAULT NULL,
  `name` varchar(100) NOT NULL,
  `deleted` bit(1) NOT NULL,
  `image` varchar(255) DEFAULT NULL,
  PRIMARY KEY (`id`)
) ENGINE=InnoDB AUTO_INCREMENT=43 DEFAULT CHARSET=utf8mb4 COLLATE=utf8mb4_0900_ai_ci;
/*!40101 SET character_set_client = @saved_cs_client */;

--
-- Dumping data for table `category`
--

LOCK TABLES `category` WRITE;
/*!40000 ALTER TABLE `category` DISABLE KEYS */;
INSERT INTO `category` VALUES (35,'Bánh Canh','Bánh Canh',_binary '\0','http://res.cloudinary.com/dpucib9ge/image/upload/v1746804703/szpvlnc1kjd6lbkhtibo.webp'),(36,'Bánh Tráng','Bánh Tráng',_binary '\0','http://res.cloudinary.com/dpucib9ge/image/upload/v1746804712/utzbi7gnrhtmcubq6hy0.webp'),(37,'Nui','Nui',_binary '\0','http://res.cloudinary.com/dpucib9ge/image/upload/v1746804763/gnwtiyszdz4pv6bsit4n.webp'),(38,'Gạo','Gạo',_binary '\0','http://res.cloudinary.com/dpucib9ge/image/upload/v1746804773/d4ynuvrkvkbqdpxwtquo.webp'),(39,'Mì','Mì',_binary '\0','http://res.cloudinary.com/dpucib9ge/image/upload/v1746804783/njwyledpk071bon9eqol.webp'),(40,'Bánh phồng','Bánh phồng',_binary '\0','http://res.cloudinary.com/dpucib9ge/image/upload/v1746804832/yafbwyneepyjzsnkwmh0.webp'),(41,'Đồ Uống','Đồ Uống',_binary '\0','http://res.cloudinary.com/dpucib9ge/image/upload/v1746804864/bagbmojzpzjjsviqeszd.webp'),(42,'Bún','Bún',_binary '\0','http://res.cloudinary.com/dpucib9ge/image/upload/v1746804877/ncfivxeosaggovdknl6x.webp');
/*!40000 ALTER TABLE `category` ENABLE KEYS */;
UNLOCK TABLES;

--
-- Table structure for table `chat_room`
--

DROP TABLE IF EXISTS `chat_room`;
/*!40101 SET @saved_cs_client     = @@character_set_client */;
/*!50503 SET character_set_client = utf8mb4 */;
CREATE TABLE `chat_room` (
  `id` bigint NOT NULL AUTO_INCREMENT,
  `customer_id` bigint DEFAULT NULL,
  PRIMARY KEY (`id`),
  KEY `FKiahgn3xie8qia7tfn2owcy5iy` (`customer_id`),
  CONSTRAINT `FKiahgn3xie8qia7tfn2owcy5iy` FOREIGN KEY (`customer_id`) REFERENCES `user` (`id`)
) ENGINE=InnoDB AUTO_INCREMENT=16 DEFAULT CHARSET=utf8mb4 COLLATE=utf8mb4_0900_ai_ci;
/*!40101 SET character_set_client = @saved_cs_client */;

--
-- Dumping data for table `chat_room`
--

LOCK TABLES `chat_room` WRITE;
/*!40000 ALTER TABLE `chat_room` DISABLE KEYS */;
INSERT INTO `chat_room` VALUES (15,6);
/*!40000 ALTER TABLE `chat_room` ENABLE KEYS */;
UNLOCK TABLES;

--
-- Table structure for table `chatroom_users`
--

DROP TABLE IF EXISTS `chatroom_users`;
/*!40101 SET @saved_cs_client     = @@character_set_client */;
/*!50503 SET character_set_client = utf8mb4 */;
CREATE TABLE `chatroom_users` (
  `chatroom_id` bigint NOT NULL,
  `user_id` bigint NOT NULL,
  KEY `FK24vnagb6ty12v11j8vfaay92s` (`user_id`),
  KEY `FKky9m0s7ypnxvgtih6fwfsv43l` (`chatroom_id`),
  CONSTRAINT `FK24vnagb6ty12v11j8vfaay92s` FOREIGN KEY (`user_id`) REFERENCES `user` (`id`),
  CONSTRAINT `FKky9m0s7ypnxvgtih6fwfsv43l` FOREIGN KEY (`chatroom_id`) REFERENCES `chat_room` (`id`)
) ENGINE=InnoDB DEFAULT CHARSET=utf8mb4 COLLATE=utf8mb4_0900_ai_ci;
/*!40101 SET character_set_client = @saved_cs_client */;

--
-- Dumping data for table `chatroom_users`
--

LOCK TABLES `chatroom_users` WRITE;
/*!40000 ALTER TABLE `chatroom_users` DISABLE KEYS */;
INSERT INTO `chatroom_users` VALUES (15,1),(15,6),(15,6);
/*!40000 ALTER TABLE `chatroom_users` ENABLE KEYS */;
UNLOCK TABLES;

--
-- Table structure for table `message`
--

DROP TABLE IF EXISTS `message`;
/*!40101 SET @saved_cs_client     = @@character_set_client */;
/*!50503 SET character_set_client = utf8mb4 */;
CREATE TABLE `message` (
  `id` bigint NOT NULL AUTO_INCREMENT,
  `content` varchar(255) DEFAULT NULL,
  `timestamp` datetime(6) DEFAULT NULL,
  `chat_room_id` bigint DEFAULT NULL,
  `sender_id` bigint DEFAULT NULL,
  PRIMARY KEY (`id`),
  KEY `FK5i8ac68n051032d9ga7gg6i85` (`chat_room_id`),
  KEY `FKcnj2qaf5yc36v2f90jw2ipl9b` (`sender_id`),
  CONSTRAINT `FK5i8ac68n051032d9ga7gg6i85` FOREIGN KEY (`chat_room_id`) REFERENCES `chat_room` (`id`),
  CONSTRAINT `FKcnj2qaf5yc36v2f90jw2ipl9b` FOREIGN KEY (`sender_id`) REFERENCES `user` (`id`)
) ENGINE=InnoDB DEFAULT CHARSET=utf8mb4 COLLATE=utf8mb4_0900_ai_ci;
/*!40101 SET character_set_client = @saved_cs_client */;

--
-- Dumping data for table `message`
--

LOCK TABLES `message` WRITE;
/*!40000 ALTER TABLE `message` DISABLE KEYS */;
/*!40000 ALTER TABLE `message` ENABLE KEYS */;
UNLOCK TABLES;

--
-- Table structure for table `news`
--

DROP TABLE IF EXISTS `news`;
/*!40101 SET @saved_cs_client     = @@character_set_client */;
/*!50503 SET character_set_client = utf8mb4 */;
CREATE TABLE `news` (
  `id` bigint NOT NULL AUTO_INCREMENT,
  `content` longtext NOT NULL,
  `image` varchar(255) DEFAULT NULL,
  `published_date` date DEFAULT NULL,
  `title` varchar(200) NOT NULL,
  `deleted` bit(1) NOT NULL,
  PRIMARY KEY (`id`)
) ENGINE=InnoDB AUTO_INCREMENT=13 DEFAULT CHARSET=utf8mb4 COLLATE=utf8mb4_0900_ai_ci;
/*!40101 SET character_set_client = @saved_cs_client */;

--
-- Dumping data for table `news`
--

LOCK TABLES `news` WRITE;
/*!40000 ALTER TABLE `news` DISABLE KEYS */;
INSERT INTO `news` VALUES (10,'<h1 class=\"article-title\">X&acirc;y dựng chế độ ăn giảm c&acirc;n hợp l&yacute; theo hướng dẫn của b&aacute;c sĩ</h1>\n<div class=\"rte\">\n<p><strong>1. X&acirc;y dựng chế độ ăn giảm c&acirc;n hợp l&yacute;</strong><br>&nbsp; Bạn đang muốn giảm c&acirc;n? Bạn kh&ocirc;ng phải l&agrave; người duy nhất! Giảm c&acirc;n l&agrave; mong muốn của rất nhiều người. Nhưng l&agrave;m sao để vừa đạt kết quả tốt, vừa kh&ocirc;ng ảnh hưởng xấu đến sức khỏe? B&iacute; quyết nằm ở chỗ x&acirc;y dựng một<strong>&nbsp;chế độ ăn giảm c&acirc;n hợp l&yacute;</strong>. C&aacute;c chuy&ecirc;n gia dinh dưỡng khuy&ecirc;n rằng, một chế độ ăn giảm c&acirc;n tốt phải cung cấp đủ chất dinh dưỡng cho cơ thể, đồng thời gi&uacute;p giảm lượng calo hấp thụ. Nghe c&oacute; vẻ phức tạp, nhưng thực ra, chỉ cần một ch&uacute;t kh&eacute;o l&eacute;o trong việc chọn thực phẩm v&agrave; l&ecirc;n thực đơn l&agrave; bạn đ&atilde; c&oacute; thể l&agrave;m được rồi.<br>&nbsp; Trước hết, h&atilde;y x&aacute;c định r&otilde; mục ti&ecirc;u giảm c&acirc;n của bản th&acirc;n. Dựa v&agrave;o c&aacute;c yếu tố như tuổi, giới t&iacute;nh, c&acirc;n nặng v&agrave; mức độ vận động, bạn sẽ t&iacute;nh được lượng calo ph&ugrave; hợp cần nạp mỗi ng&agrave;y. Sau đ&oacute;, việc của bạn l&agrave; x&acirc;y dựng thực đơn theo c&aacute;c nguy&ecirc;n tắc đơn giản như ưu ti&ecirc;n thực phẩm gi&agrave;u chất xơ, protein nạc, chất b&eacute;o tốt, v&agrave; hạn chế đường cũng như chất b&eacute;o kh&ocirc;ng l&agrave;nh mạnh.&nbsp;<br>&nbsp; Tin t&ocirc;i đi, chỉ cần một ch&uacute;t s&aacute;ng tạo v&agrave; kh&eacute;o l&eacute;o, bạn ho&agrave;n to&agrave;n c&oacute; thể tạo ra những bữa ăn vừa ngon, vừa đảm bảo dinh dưỡng, vừa hỗ trợ đắc lực cho qu&aacute; tr&igrave;nh \"gi&atilde; từ\" mỡ thừa. H&atilde;y ki&ecirc;n tr&igrave; v&agrave; cam kết với lối sống l&agrave;nh mạnh, khoa học, bạn sẽ sớm sở hữu v&oacute;c d&aacute;ng như &yacute; v&agrave; tận hưởng một cuộc sống khỏe mạnh, tr&agrave;n đầy năng lượng.</p>\n<p><strong>2. Ti&ecirc;u ch&iacute; lựa chọn thực phẩm cho chế độ giảm c&acirc;n</strong><br>&nbsp; Khi lựa chọn thực phẩm cho chế độ giảm c&acirc;n, bạn cần lưu &yacute; một số ti&ecirc;u ch&iacute; quan trọng để đảm bảo hiệu quả v&agrave; an to&agrave;n cho sức khỏe. Theo lời khuy&ecirc;n của c&aacute;c chuy&ecirc;n gia dinh dưỡng, h&atilde;y ưu ti&ecirc;n những thực phẩm đ&aacute;p ứng c&aacute;c yếu tố sau:<br>+&nbsp;<strong>Ưu ti&ecirc;n rau xanh, tr&aacute;i c&acirc;y gi&agrave;u chất xơ, vitamin v&agrave; kho&aacute;ng chất</strong>: D&ugrave; đang \"ăn ki&ecirc;ng\", cơ thể vẫn cần được cung cấp đầy đủ dưỡng chất. Rau củ quả kh&ocirc;ng chỉ gi&uacute;p no l&acirc;u, cải thiện ti&ecirc;u h&oacute;a m&agrave; c&ograve;n bổ sung nhiều vi chất thiết yếu. Một gợi &yacute; tuyệt vời l&agrave; sử dụng mỳ Chũ rau củ của T&acirc;y Nguy&ecirc;n Food - Việt Nam. Sản phẩm được l&agrave;m từ gạo Bao Thai Hồng kết hợp với rau củ quả tươi, gi&uacute;p tăng cường hấp thụ dưỡng chất, cải thiện ti&ecirc;u h&oacute;a v&agrave; tăng cường chất chống oxy h&oacute;a.<br>+&nbsp;<strong>Chọn thực phẩm c&oacute; mật độ năng lượng thấp</strong>: Với c&ugrave;ng khối lượng, những thực phẩm n&agrave;y chứa &iacute;t calo hơn, gi&uacute;p bạn no l&acirc;u m&agrave; vẫn kiểm so&aacute;t được lượng calo nạp v&agrave;o.<br>+&nbsp;<strong>Bổ sung protein từ c&aacute;, thịt nạc, trứng v&agrave; sữa &iacute;t b&eacute;o</strong>: Protein gi&uacute;p no l&acirc;u v&agrave; hạn chế mất cơ khi giảm c&acirc;n. Granola Dưỡng Nhan của T&acirc;y Nguy&ecirc;n Food - Việt Nam l&agrave; một lựa chọn hấp dẫn với c&aacute;c loại hạt dinh dưỡng như hạt điều, hạnh nh&acirc;n, hạt b&iacute; c&ugrave;ng tr&aacute;i c&acirc;y sấy v&agrave; hạt cốm yến mạch gi&ograve;n tan, cung cấp năng lượng l&agrave;nh mạnh cho cả ng&agrave;y d&agrave;i.<br>+&nbsp;<strong>Hạn chế chất b&eacute;o b&atilde;o h&ograve;a</strong>: Giảm chất b&eacute;o, đặc biệt l&agrave; loại b&atilde;o h&ograve;a, g&oacute;p phần giảm calo hiệu quả.<br>+&nbsp;<strong>Tr&aacute;nh đường v&agrave; tinh bột đơn giản</strong>: Ch&uacute;ng chứa nhiều calo, dễ g&acirc;y t&iacute;ch tụ mỡ thừa.<br>+&nbsp;<strong>Ưu ti&ecirc;n thực phẩm gi&agrave;u nước như s&uacute;p, canh, rau củ tươi</strong>: Những m&oacute;n n&agrave;y cho cảm gi&aacute;c no nhanh với lượng calo thấp.<br>&nbsp; Nếu bạn đang t&igrave;m kiếm những sản phẩm dinh dưỡng ph&ugrave; hợp cho chế độ ăn giảm c&acirc;n, h&atilde;y tham khảo hai gợi &yacute; tuyệt vời từ&nbsp;<strong>T&acirc;y Nguy&ecirc;n Food - Việt Nam</strong>&nbsp;nh&eacute;!<br>+ Thứ nhất l&agrave;&nbsp;<strong>m&igrave; Chũ rau củ,</strong>&nbsp;được l&agrave;m từ gạo Bao Thai Hồng kết hợp với rau củ quả tươi. Quy tr&igrave;nh sản xuất đặc biệt với c&aacute;c bước ng&acirc;m v&agrave; xay sinh tố kh&ocirc;ng chỉ giữ g&igrave;n hương vị tự nhi&ecirc;n m&agrave; c&ograve;n tăng cường hấp thụ dưỡng chất, cải thiện ti&ecirc;u h&oacute;a v&agrave; bổ sung chất chống oxy h&oacute;a. Mỳ Chũ rau củ thực sự l&agrave; người bạn đồng h&agrave;nh l&yacute; tưởng trong h&agrave;nh tr&igrave;nh chăm s&oacute;c sức khỏe v&agrave; ph&ograve;ng chống bệnh m&atilde;n t&iacute;nh của bạn.</p>\n<p><img src=\"https://bizweb.dktcdn.net/100/458/914/files/a4.jpg?v=1715590475964\" data-thumb=\"original\"><br>&nbsp;</p>\n<p>+ Thứ hai,&nbsp;<strong>Granola Dưỡng Nhan của T&acirc;y Nguy&ecirc;n Food - Việt Nam</strong>&nbsp;l&agrave; một lựa chọn hấp dẫn kh&aacute;c với c&aacute;c loại hạt dinh dưỡng như hạt điều, hạnh nh&acirc;n, hạt b&iacute; c&ugrave;ng tr&aacute;i c&acirc;y sấy v&agrave; hạt cốm yến mạch gi&ograve;n tan. Điểm đặc biệt của sản phẩm n&agrave;y ch&iacute;nh l&agrave; yến mạch được xay th&agrave;nh bột v&agrave; chế biến th&agrave;nh hạt cốm gi&ograve;n, xen kẽ với t&aacute;o đỏ sấy gi&ograve;n tan, mang đến hương vị thơm ngon v&agrave; nhiều lợi &iacute;ch cho sức khỏe. Granola Dưỡng Nhan được l&agrave;m ho&agrave;n to&agrave;n từ c&aacute;c nguy&ecirc;n liệu tự nhi&ecirc;n, kh&ocirc;ng sử dụng phẩm m&agrave;u hay chất bảo quản, th&iacute;ch hợp để ăn s&aacute;ng, ăn vặt v&agrave; duy tr&igrave; v&oacute;c d&aacute;ng khỏe mạnh.</p>\n<p><img src=\"https://bizweb.dktcdn.net/100/458/914/files/7-1.jpg?v=1715590597116\" data-thumb=\"original\"></p>\n<p><strong>3. X&aacute;c định mục ti&ecirc;u giảm c&acirc;n</strong><br>&nbsp; Trước khi bắt đầu h&agrave;nh tr&igrave;nh giảm c&acirc;n, điều quan trọng l&agrave; phải x&aacute;c định mục ti&ecirc;u ph&ugrave; hợp với t&igrave;nh trạng sức khỏe của bản th&acirc;n. B&aacute;c sĩ sẽ đ&aacute;nh gi&aacute; tổng thể v&agrave; đưa ra lời khuy&ecirc;n chuy&ecirc;n m&ocirc;n để bạn c&oacute; thể giảm c&acirc;n một c&aacute;ch an to&agrave;n v&agrave; hiệu quả.<br>&nbsp; Đối với những người thừa c&acirc;n hoặc b&eacute;o ph&igrave;, mục ti&ecirc;u ban đầu thường l&agrave; giảm 5-10% trọng lượng cơ thể. V&iacute; dụ, nếu bạn nặng 80kg, h&atilde;y đặt mục ti&ecirc;u giảm từ 4-8kg trước ti&ecirc;n. Sau khi đạt được mục ti&ecirc;u n&agrave;y, bạn c&oacute; thể tiếp tục giảm c&acirc;n, nhưng với tốc độ chậm hơn để đảm bảo sự bền vững.<br>&nbsp; Theo c&aacute;c chuy&ecirc;n gia, tốc độ giảm c&acirc;n l&yacute; tưởng kh&ocirc;ng n&ecirc;n vượt qu&aacute; 0,5-1kg mỗi tuần. Điều n&agrave;y gi&uacute;p cơ thể th&iacute;ch nghi dần dần, tr&aacute;nh g&acirc;y stress v&agrave; c&aacute;c biến chứng nguy hiểm như mất c&acirc;n bằng nội tiết hay teo cơ. Giảm c&acirc;n qu&aacute; nhanh cũng khiến bạn kh&oacute; duy tr&igrave; kết quả l&acirc;u d&agrave;i hơn.<br>&nbsp; Dựa tr&ecirc;n t&igrave;nh trạng sức khỏe v&agrave; mục ti&ecirc;u c&aacute; nh&acirc;n, b&aacute;c sĩ sẽ tư vấn chế độ ăn ph&ugrave; hợp, gi&uacute;p bạn đạt tốc độ giảm c&acirc;n l&agrave;nh mạnh v&agrave; an to&agrave;n. H&atilde;y ki&ecirc;n tr&igrave; v&agrave; tu&acirc;n thủ theo hướng dẫn của chuy&ecirc;n gia để sớm sở hữu v&oacute;c d&aacute;ng như &yacute;, đồng thời n&acirc;ng cao sức khỏe to&agrave;n diện.</p>\n<p><strong>4.&nbsp; X&aacute;c định năng lượng cần thiết</strong><br>&nbsp; Sau khi x&aacute;c định mục ti&ecirc;u giảm c&acirc;n, việc tiếp theo l&agrave; t&iacute;nh to&aacute;n lượng năng lượng cơ thể cần mỗi ng&agrave;y. Đ&acirc;y l&agrave; bước quan trọng, v&igrave; n&oacute; gi&uacute;p bạn biết n&ecirc;n ăn bao nhi&ecirc;u để vừa đảm bảo đủ dinh dưỡng, vừa đạt được kết quả mong muốn. Nhu cầu năng lượng của mỗi người phụ thuộc v&agrave;o nhiều yếu tố như giới t&iacute;nh, tuổi t&aacute;c, c&acirc;n nặng, chiều cao v&agrave; mức độ hoạt động thể chất.<br>&nbsp; Nguy&ecirc;n tắc cơ bản để giảm c&acirc;n l&agrave; nạp &iacute;t calo hơn lượng calo ti&ecirc;u thụ. Th&ocirc;ng thường, cắt giảm 500-1000 calo mỗi ng&agrave;y sẽ gi&uacute;p bạn giảm khoảng 0,5-1kg mỗi tuần. Tuy nhi&ecirc;n, con số cụ thể cần được t&iacute;nh to&aacute;n c&aacute; nh&acirc;n h&oacute;a dựa tr&ecirc;n nhu cầu v&agrave; mục ti&ecirc;u ri&ecirc;ng của bạn.<br>Để x&aacute;c định nhu cầu năng lượng ch&iacute;nh x&aacute;c, c&aacute;c chuy&ecirc;n gia thường sử dụng một số phương ph&aacute;p phổ biến như:<br>+&nbsp;<strong>Phương ph&aacute;p Harris-Benedict:</strong>&nbsp;dựa tr&ecirc;n c&acirc;n nặng, chiều cao v&agrave; tuổi để t&iacute;nh lượng calo cơ bản mỗi ng&agrave;y.<br>+&nbsp;<strong>Phương ph&aacute;p Mifflin St-Jeor:&nbsp;</strong>tương tự phương ph&aacute;p Harris-Benedict nhưng độ ch&iacute;nh x&aacute;c cao hơn.<br>+&nbsp;<strong>Phương ph&aacute;p Katch-McArdle:</strong>&nbsp;dựa tr&ecirc;n c&acirc;n nặng v&agrave; lượng mỡ cơ thể.<br>+<strong>&nbsp;Phương ph&aacute;p sử dụng m&aacute;y đo trao đổi chất:</strong>&nbsp;đo lượng oxy (O2) v&agrave; kh&iacute; carbonic (CO2) để x&aacute;c định ch&iacute;nh x&aacute;c nhu cầu năng lượng.<br>&nbsp; &nbsp;Sau khi t&iacute;nh to&aacute;n, b&aacute;c sĩ sẽ đưa ra lượng calo cụ thể bạn cần nạp mỗi ng&agrave;y cho từng giai đoạn của qu&aacute; tr&igrave;nh giảm c&acirc;n. Với sự hướng dẫn chuy&ecirc;n nghiệp v&agrave; ph&ugrave; hợp với cơ địa, bạn sẽ từng bước tiến gần hơn đến v&oacute;c d&aacute;ng l&yacute; tưởng, đồng thời duy tr&igrave; sức khỏe v&agrave; năng lượng tối ưu.</p>\n<p><strong>5. Nguy&ecirc;n tắc x&acirc;y dựng thực đơn</strong><br>&nbsp; Khi đ&atilde; x&aacute;c định được mục ti&ecirc;u v&agrave; nhu cầu dinh dưỡng, b&aacute;c sĩ sẽ hướng dẫn c&aacute;ch x&acirc;y dựng thực đơn ph&ugrave; hợp. Một số nguy&ecirc;n tắc chung khi lập thực đơn giảm c&acirc;n bao gồm:<br>+&nbsp;<strong>C&acirc;n đối c&aacute;c nh&oacute;m thực phẩm:</strong>&nbsp;Mỗi bữa ăn n&ecirc;n c&oacute; đủ 4 nh&oacute;m thực phẩm ch&iacute;nh gồm thịt v&agrave; c&aacute;c chế phẩm từ thịt, sữa v&agrave; c&aacute;c chế phẩm từ sữa, ngũ cốc v&agrave; chất b&eacute;o. Tỷ lệ khuyến c&aacute;o cho mỗi bữa ăn l&agrave; 25-30% thịt v&agrave; c&aacute;c chế phẩm, 25-30% rau v&agrave; tr&aacute;i c&acirc;y, 25-30% ngũ cốc v&agrave; 10-15% chất b&eacute;o.<br>+&nbsp;<strong>Thực đơn n&ecirc;n đa dạng, m&agrave;u sắc phong ph&uacute; để đảm bảo h&agrave;m lượng vi chất.</strong>&nbsp;Kh&ocirc;ng n&ecirc;n ăn một loại thực phẩm qu&aacute; nhiều trong thời gian d&agrave;i.<br>+&nbsp;<strong>Chia nhỏ bữa ăn, kh&ocirc;ng n&ecirc;n ăn qu&aacute; no mỗi bữa.</strong>&nbsp;N&ecirc;n chia th&agrave;nh 5-6 bữa mỗi ng&agrave;y, mỗi bữa 350-500 calo.<br>+<strong>&nbsp;Hạn chế ăn vặt</strong>, đặc biệt l&agrave; đồ ăn vặt c&oacute; h&agrave;m lượng calo cao như b&aacute;nh ngọt, kẹo, nước ngọt c&oacute; ga.<br>&nbsp;<img src=\"https://bizweb.dktcdn.net/100/458/914/files/hinh-1.png?v=1715590259530\" data-thumb=\"original\"><br>&nbsp;</p>\n<p><em>H&igrave;nh 1. Lựa chọn thực phẩm c&oacute; đậm độ năng lượng (ED &ndash; Energy Density), c&ugrave;ng một mức năng lượng l&agrave; 100 kcalo, kẹo dẻo ăn được một lượng rất &iacute;t l&agrave; 25gr (ED 4.0 calories per gram), nho kh&ocirc; ăn được một lượng l&agrave; 33gr (ED 3.1 calories per gram), nho xanh ăn được một lượng l&agrave; 145gr (ED 0.69 calories per gram), t&aacute;o ăn được một lượng l&agrave; 189gr (ED 0.53 per gram) v&agrave; c&agrave; chua bi ăn được 555gr (ED 0.18 calories per gram).</em></p>\n<p><strong>6. Thực đơn cho bữa s&aacute;ng</strong><br>Bữa s&aacute;ng cung cấp năng lượng cho cơ thể sau một đ&ecirc;m kh&ocirc;ng ăn uống, gi&uacute;p n&atilde;o bộ v&agrave; c&aacute;c cơ quan kh&aacute;c hoạt động tốt. Nghi&ecirc;n cứu cho thấy những người bỏ bữa s&aacute;ng c&oacute; nguy cơ tăng c&acirc;n v&agrave; b&eacute;o ph&igrave; cao hơn. V&igrave; vậy, bữa s&aacute;ng rất quan trọng trong chế độ ăn giảm c&acirc;n.<br><strong>- Thực đơn cho bữa s&aacute;ng n&ecirc;n theo c&aacute;c nguy&ecirc;n tắc sau:</strong><br>+ Năng lượng chiếm khoảng 20-25% nhu cầu năng lượng trong ng&agrave;y.<br>+ Chọn thực phẩm gi&agrave;u&nbsp;carbohydrate&nbsp;phức hợp, chất xơ như ngũ cốc nguy&ecirc;n hạt, b&aacute;nh m&igrave; đen, yến mạch. C&aacute;c loại thực phẩm n&agrave;y cung cấp năng lượng dồi d&agrave;o, gi&uacute;p no l&acirc;u v&agrave; hạn chế cơn đ&oacute;i trong ng&agrave;y.<br>+ Kết hợp protein nạc như trứng, thịt nạc, pho m&aacute;t &iacute;t b&eacute;o để tạo cảm gi&aacute;c no, c&acirc;n bằng lượng đường trong m&aacute;u.<br>+ Th&ecirc;m rau củ quả để tăng h&agrave;m lượng chất xơ, vitamin v&agrave; kho&aacute;ng chất.<br>+ Hạn chế đồ uống c&oacute; đường như nước &eacute;p, sinh tố. N&ecirc;n uống nước lọc, sữa &iacute;t b&eacute;o hoặc sữa t&aacute;ch b&eacute;o.</p>\n<p><strong>7. Thực đơn cho bữa trưa</strong><br>&nbsp; Bữa trưa cung cấp khoảng 30-40% nhu cầu năng lượng h&agrave;ng ng&agrave;y.&nbsp;<strong>C&aacute;c nguy&ecirc;n tắc cho bữa trưa giảm c&acirc;n</strong>:<br>+ Chọn c&aacute;c loại thịt nạc như thịt g&agrave;, thịt b&ograve; mỡ bỏ, c&aacute;. Hạn chế c&aacute;c loại thịt c&oacute; nhiều mỡ hoặc da.<br>+ Ăn k&egrave;m nhiều rau xanh đ&atilde; nấu ch&iacute;n để tăng cường chất xơ v&agrave; c&aacute;c chất chống oxy h&oacute;a.<br>+ Hạn chế d&ugrave;ng dầu mỡ để chế biến. C&oacute; thể sử dụng c&aacute;c phương ph&aacute;p nấu như luộc, hấp, om.<br>+ Hạn chế sử dụng c&aacute;c loại nước sốt c&oacute; h&agrave;m lượng đường v&agrave; muối cao.<br>+ Ưu ti&ecirc;n c&aacute;c loại ngũ cốc nguy&ecirc;n hạt để tăng chất xơ v&agrave; k&eacute;o d&agrave;i cảm gi&aacute;c no.<br>+ Tr&aacute;ng miệng bằng tr&aacute;i c&acirc;y tươi để bổ sung vitamin v&agrave; kho&aacute;ng chất.</p>\n<p><img src=\"https://bizweb.dktcdn.net/100/458/914/files/hinh-2-3a9119d3-63c5-465f-b309-469ccf36d59b.png?v=1715590300665\" data-thumb=\"original\"><br>&nbsp;<em>H&igrave;nh 2. Ba đĩa n&agrave;y đều c&oacute; b&iacute;t tết, khoai t&acirc;y nướng với lớp phủ b&ecirc;n tr&ecirc;n v&agrave; rau. Đĩa ở r&igrave;a b&ecirc;n tr&aacute;i chứa 800 kcalo, gần bằng một nửa nhu cầu trong ng&agrave;y. Đĩa ở giữa, khẩu phần của tất cả c&aacute;c loại thực phẩm bị giảm đi để cung cấp một bữa ăn 400 kcalo th&igrave; lại qu&aacute; &iacute;t v&agrave; kh&ocirc;ng thể l&agrave;m ch&uacute;ng ta thỏa m&atilde;n cảm gi&aacute;c th&egrave;m ăn. Đĩa ở r&igrave;a b&ecirc;n phải cũng cung cấp 400 kcalo nhưng mang lại một bữa ăn thỏa m&atilde;n hơn bằng c&aacute;ch tăng khẩu phần thực phẩm gi&agrave;u năng lượng thấp, giảm h&agrave;m lượng chất b&eacute;o v&agrave; tiết chế phần protein.</em></p>\n<p><br><strong>8. Thực đơn cho bữa tối</strong><br>&nbsp; Bữa tối n&ecirc;n nhẹ nh&agrave;ng, tr&aacute;nh ăn qu&aacute; no để tạo điều kiện cho dạ d&agrave;y nghỉ ngơi v&agrave;o ban đ&ecirc;m.&nbsp;<strong>Một số nguy&ecirc;n tắc cho bữa tối:</strong><br>+ Chỉ n&ecirc;n cung cấp 20-25% nhu cầu năng lượng trong ng&agrave;y.<br>+ Chọn c&aacute;c m&oacute;n ăn dễ ti&ecirc;u, tr&aacute;nh thức ăn cay n&oacute;ng hoặc chi&ecirc;n r&aacute;n.<br>+ Hạn chế tinh bột v&agrave; tăng cường protein để đạt cảm gi&aacute;c no l&acirc;u.<br>+ Kh&ocirc;ng n&ecirc;n ăn vặt sau bữa tối.<br>&nbsp; Như vậy, thực đơn giảm c&acirc;n cần đ&aacute;p ứng đủ nguy&ecirc;n tắc dinh dưỡng, đa dạng v&agrave; phong ph&uacute; về m&agrave;u sắc. Chế độ ăn c&acirc;n bằng gi&uacute;p qu&aacute; tr&igrave;nh giảm c&acirc;n đạt hiệu quả v&agrave; an to&agrave;n cho sức khỏe. Đồng thời việc tham khảo &yacute; kiến của b&aacute;c sĩ, chuy&ecirc;n gia dinh dưỡng gi&uacute;p x&acirc;y dựng chế độ ăn ph&ugrave; hợp với cơ địa v&agrave; nhu cầu của mỗi người. Ngo&agrave;i ra, luyện tập thể dục thể thao thường xuy&ecirc;n cũng g&oacute;p phần quan trọng v&agrave;o việc duy tr&igrave; c&acirc;n nặng l&yacute; tưởng. Hy vọng với những hướng dẫn tr&ecirc;n, bạn sẽ c&oacute; th&ecirc;m kiến thức v&agrave; tự tin hơn trong việc x&acirc;y dựng chế độ ăn l&agrave;nh mạnh để đạt mục ti&ecirc;u giảm c&acirc;n mong muốn.<br><br><strong>Tham vấn y khoa: Thạc sĩ B&aacute;c sĩ Phạm Trần Thi&ecirc;n Nh&acirc;n<br>Giảng Vi&ecirc;n bộ m&ocirc;n Dinh Dưỡng - Trường Đại Học Y Khoa Phạm Ngọc Thạch.<br>B&aacute;c Sĩ chuy&ecirc;n khoa Dinh Dưỡng - Bệnh viện B&igrave;nh D&acirc;n</strong></p>\n<p><br><strong>T&agrave;i liệu tham khảo</strong></p>\n<ol>\n<li>Wadden TA, Butryn ML, Hong PS, Tsai AG. Behavioral treatment of obesity in patients encountered in primary care settings: a systematic review. JAMA. 2014;312(17):1779-1791. doi:10.1001/jama.2014.14173</li>\n<li>Jensen MD, Ryan DH, Apovian CM, et al. 2013 AHA/ACC/TOS guideline for the management of overweight and obesity in adults: a report of the American College of Cardiology/American Heart Association Task Force on Practice Guidelines and The Obesity Society [published correction appears in Circulation. 2014 Jun 24;129(25 Suppl 2) :S139-40]. Circulation. 2014;129(25 Suppl 2):S102-S138. doi:10.1161/01.cir.0000437739.71477.ee</li>\n<li>Academy of Nutrition and Dietetics Evidence Analysis Library. In adults, what is the evidence that specific dietary patterns, assessed using validated diet quality indices, are associated with changes in weight? https://www.andeal.org/vault/2440/web/files/Dietary%20Patterns%20and%20Weight%20Change.pdf. Accessed February 22, 2023.</li>\n<li>Leidy HJ, Carnell NS, Mattes RD, Campbell WW. Higher protein intake preserves lean mass and satiety with weight loss in pre-obese and obese women. Obesity (Silver Spring). 2007;15(2):421-429. doi:10.1038/oby.2007.531</li>\n<li>Frankenfield D, Roth-Yousey L, Compher C; for the Evidence Analysis Working Group. Comparison of predictive equations for resting metabolic rate in healthy nonobese and obese adults: a systematic review [published correction appears in J Am Diet Assoc. 2006 Mar;106(3):531]. J Am Diet Assoc. 2005;105(5):775-789. doi:10.1016/j.jada.2005.02.005</li>\n<li>The Diabetes Prevention Program (DPP) Research Group. The Diabetes Prevention Program (DPP): description of lifestyle intervention. Diabetes Care. 2002;25(12):2165-2171. doi:10.2337/diacare.25.12.2165</li>\n<li>Schusdziarra V, Hausmann M, Wittke C, et al. Impact of breakfast on daily energy intake--an analysis of absolute versus relative breakfast calories. Nutr J. 2011;10:5. Published 2011 Jan 31. doi:10.1186/1475-2891-10-5</li>\n</ol>\n</div>','http://res.cloudinary.com/dpucib9ge/image/upload/v1746807859/vo1qovpwezo7r0knnu9w.webp','2025-05-09','Xây dựng chế độ ăn giảm cân hợp lý theo hướng dẫn của bác sĩ',_binary '\0'),(11,'<h1 class=\"article-title\">Những m&oacute;n ngon đốt ch&aacute;y mỡ nội tạng của bạn</h1>\n<div class=\"rte\">\n<p>&nbsp;&nbsp;<strong>Mỡ nội tạng</strong>, l&agrave; một loại mỡ t&iacute;ch tụ xung quanh c&aacute;c cơ quan nội tạng như gan, dạ d&agrave;y, ruột. N&oacute; kh&aacute;c với mỡ dưới da v&agrave; c&oacute; li&ecirc;n quan đến nhiều bệnh như tiểu đường, tim mạch. Theo c&aacute;c nghi&ecirc;n cứu, mỡ nội tạng l&agrave; nguy&ecirc;n nh&acirc;n g&acirc;y ra c&aacute;c bệnh tim mạch, tiểu đường tu&yacute;p 2 v&agrave; đề kh&aacute;ng insulin ở cả người trưởng th&agrave;nh v&agrave; trẻ em. V&igrave; thế giảm mỡ nội tạng l&agrave; v&ocirc; c&ugrave;ng cấp thiết.</p>\n<p><img src=\"https://bizweb.dktcdn.net/100/458/914/files/hingf-1-607984c5-215d-4ae2-a48a-0cceec680164.png?v=1715573309643\" data-thumb=\"original\"><br>&nbsp;<br><em>H&igrave;nh 1. Minh họa mỡ nội tạng (visceral fat) v&agrave; mỡ dưới da (subcutaneous fat)</em></p>\n<p>&nbsp;<strong>&nbsp;H&atilde;y c&ugrave;ng t&igrave;m hiểu những loại thực phẩm giảm mỡ nội tạng nội tạng tự nhi&ecirc;n v&agrave; hiệu quả nhất dưới đ&acirc;y:</strong><br><strong>1. Chất đạm</strong><br>&nbsp; Chất đạm th&uacute;c đẩy tiết c&aacute;c hormone tạo cảm gi&aacute;c no, tăng khối lượng cơ, gi&uacute;p đốt ch&aacute;y calo hiệu quả. C&aacute;c nguồn chất đạm tốt cho việc đốt ch&aacute;y mỡ nội tạng bao gồm: thịt b&ograve; nạc, sữa chua Hy Lạp, sữa đậu n&agrave;nh, đậu phộng...<br>&nbsp; Cơ chế: Chất đạm đẩy nhanh qu&aacute; tr&igrave;nh trao đổi chất, tăng ti&ecirc;u hao năng lượng, đốt ch&aacute;y mỡ thừa hiệu quả. Theo một nghi&ecirc;n cứu đăng tr&ecirc;n tạp ch&iacute; Nutrition &amp; Metabolism, những người ti&ecirc;u thụ nhiều chất đạm chất lượng cao &iacute;t t&iacute;ch tụ mỡ ở v&ugrave;ng bụng hơn.</p>\n<p><img src=\"https://bizweb.dktcdn.net/100/458/914/files/16.jpg?v=1715573650571\" data-thumb=\"original\"></p>\n<p><strong>2. Rong biển<br>&nbsp;&nbsp;</strong>Rong biển gi&agrave;u carotenoid fucoxanthin c&oacute; khả năng ức chế hoạt động của c&aacute;c tế b&agrave;o mỡ.<br>&nbsp; Cơ chế: Fucoxanthin cản trở qu&aacute; tr&igrave;nh b&eacute;o h&oacute;a, lipogenesis của trung t&acirc;m kiểm so&aacute;t năng lượng n&atilde;o bộ, ngăn chặn qu&aacute; tr&igrave;nh t&iacute;ch trữ mỡ. Một nghi&ecirc;n cứu tr&ecirc;n chuột cho thấy nh&oacute;m bổ sung fucoxanthin giảm đ&aacute;ng kể lượng mỡ nội tạng.</p>\n<p><img src=\"https://bizweb.dktcdn.net/100/458/914/files/hinh-2.jpg?v=1715573397479\" data-thumb=\"original\"><br>&nbsp;<br><em>H&igrave;nh 2. H&igrave;nh minh họa cơ chế hoạt động của Fucoxanthin (FX) trong m&ocirc; mỡ trắng (white adipose tissue) v&agrave; m&ocirc; mỡ n&acirc;u (adipose tissue with immune cells)</em></p>\n<p><br><strong>3. Rau cải</strong><br>&nbsp; C&aacute;c loại rau l&aacute; xanh đậm như cải xoăn, rau ch&acirc;n vịt l&agrave; những \"vệ sĩ\" bảo vệ sức khỏe đắc lực của bạn đấy! Ch&uacute;ng chứa nhiều chất xơ v&agrave; chất chống oxy h&oacute;a, gi&uacute;p \"thanh lọc\" cơ thể, loại bỏ độc tố v&agrave; k&iacute;ch hoạt qu&aacute; tr&igrave;nh trao đổi chất. Nhờ đ&oacute;, việc đốt ch&aacute;y mỡ thừa diễn ra nhanh ch&oacute;ng v&agrave; hiệu quả hơn.<br><img src=\"https://bizweb.dktcdn.net/100/458/914/files/rau-cai-canh.jpg?v=1715574310595\" data-thumb=\"original\"><br>&nbsp; Chất xơ trong rau l&aacute; xanh c&oacute; khả năng hấp thụ nước, gi&uacute;p chống t&aacute;o b&oacute;n, l&agrave;m sạch đường ruột v&agrave; ngăn ngừa t&iacute;ch trữ mỡ. Đồng thời, c&aacute;c chất chống oxy h&oacute;a c&oacute; vai tr&ograve; quan trọng trong việc điều h&ograve;a c&acirc;n bằng mỡ trong cơ thể. Theo một nghi&ecirc;n cứu của Đại học Tufts, những người thường xuy&ecirc;n ăn nhiều rau quả l&aacute; xanh c&oacute; xu hướng giảm mỡ nội tạng đ&aacute;ng kể.<br>&nbsp; V&igrave; vậy, đừng qu&ecirc;n bổ sung c&aacute;c loại rau l&aacute; xanh đậm v&agrave;o thực đơn h&agrave;ng ng&agrave;y của m&igrave;nh nh&eacute;! Ch&uacute;ng kh&ocirc;ng chỉ gi&uacute;p bạn giảm c&acirc;n m&agrave; c&ograve;n mang lại nhiều lợi &iacute;ch tuyệt vời cho sức khỏe. Nếu bạn đang t&igrave;m kiếm một sản phẩm tiện lợi v&agrave; bổ dưỡng, h&atilde;y thử ngay M&igrave; Chũ Rau Củ của T&acirc;y Nguy&ecirc;n Food - Việt Nam. Sản phẩm được l&agrave;m từ gạo Bao Thai Hồng kết hợp với rau củ quả tươi th&ocirc;ng qua quy tr&igrave;nh ng&acirc;m v&agrave; xay sinh tố độc đ&aacute;o, gi&uacute;p tăng cường hấp thụ dưỡng chất, cải thiện chức năng ti&ecirc;u h&oacute;a v&agrave; tối ưu h&oacute;a lợi &iacute;ch từ c&aacute;c chất chống oxy h&oacute;a. M&igrave; Chũ Rau Củ kh&ocirc;ng chỉ l&agrave; một bữa ăn ngon miệng m&agrave; c&ograve;n l&agrave; người bạn đồng h&agrave;nh l&yacute; tưởng trong h&agrave;nh tr&igrave;nh chăm s&oacute;c sức khỏe của bạn.</p>\n<p><img src=\"https://bizweb.dktcdn.net/100/458/914/files/12-9baeff40-76a4-4b0f-8d74-7d9c6441f8e4.jpg?v=1717234226340\" data-thumb=\"original\"><br><strong>4. C&aacute;c loại đậu</strong><br>&nbsp; Đậu xanh, đậu đen, đậu đỏ... tăng khả năng no l&acirc;u, giảm lượng chất b&eacute;o nạp v&agrave;o cơ thể.<br>&nbsp; Cơ chế: Chất đạm, chất xơ v&agrave; c&aacute;c lợi khuẩn trong c&aacute;c loại đậu tương tăng khả năng no, cải thiện sinh hoạt đường ruột, ngăn ngừa mỡ thừa. C&aacute;c nghi&ecirc;n cứu l&acirc;m s&agrave;ng cho thấy đậu n&agrave;nh c&oacute; thể l&agrave;m giảm đ&aacute;ng kể mỡ bụng.</p>\n<p><img src=\"https://bizweb.dktcdn.net/100/458/914/files/112-jpeg.jpg?v=1715574345007\" data-thumb=\"original\"></p>\n<p><br><strong>5. Tr&agrave; xanh</strong><br>&nbsp; Uống tr&agrave; xanh thường xuy&ecirc;n l&agrave; một c&aacute;ch hiệu quả để giảm mỡ nội tạng. Catechin v&agrave; EGCG trong tr&agrave; xanh l&agrave; hai th&agrave;nh phần ch&iacute;nh gi&uacute;p k&iacute;ch th&iacute;ch qu&aacute; tr&igrave;nh đốt ch&aacute;y mỡ, đặc biệt l&agrave; mỡ t&iacute;ch tụ quanh c&aacute;c cơ quan nội tạng. Tr&agrave; xanh hoạt động bằng c&aacute;ch tăng hoạt động của c&aacute;c men mỡ AMPK, từ đ&oacute; đẩy nhanh qu&aacute; tr&igrave;nh ph&acirc;n hủy v&agrave; oxy h&oacute;a chất b&eacute;o, chuyển h&oacute;a th&agrave;nh năng lượng cung cấp cho cơ thể. Nhiều nghi&ecirc;n cứu tr&ecirc;n cả động vật v&agrave; con người đ&atilde; chỉ ra rằng uống tr&agrave; xanh thường xuy&ecirc;n gi&uacute;p giảm đ&aacute;ng kể lượng mỡ nội tạng.<br>&nbsp; Nếu bạn đang t&igrave;m kiếm một sản phẩm tr&agrave; tự nhi&ecirc;n, tốt cho sức khỏe v&agrave; hỗ trợ giảm c&acirc;n,&nbsp;<strong>Tr&agrave; gạo lứt của T&acirc;y Nguy&ecirc;n Food - Việt Nam</strong>&nbsp;l&agrave; một lựa chọn l&yacute; tưởng. Sản phẩm n&agrave;y được chắt lọc từ những nguy&ecirc;n liệu ho&agrave;n to&agrave;n tự nhi&ecirc;n như gạo lứt, đậu đen xanh l&ograve;ng, đậu đỏ, kỷ tử, cỏ ngọt v&agrave; hoa nh&agrave;i. T&aacute;ch tr&agrave; sau khi pha c&oacute; m&agrave;u n&acirc;u s&aacute;ng, thoang thoảng m&ugrave;i gạo rang v&agrave; hương thơm nhẹ nh&agrave;ng từ hoa nh&agrave;i, với vị ngọt tự nhi&ecirc;n của cỏ ngọt m&agrave; kh&ocirc;ng cần đường. Điều n&agrave;y khiến Tr&agrave; gạo lứt rất tốt cho sức khỏe, đặc biệt với những người muốn kiểm so&aacute;t c&acirc;n nặng v&agrave; lượng đường trong m&aacute;u. Sản phẩm được đ&oacute;ng g&oacute;i trong từng t&uacute;i nhỏ ri&ecirc;ng biệt, tiện lợi cho một lần pha v&agrave; đủ lượng cho cả ng&agrave;y, d&ugrave;ng n&oacute;ng hay lạnh đều ngon.</p>\n<p><img src=\"https://bizweb.dktcdn.net/100/458/914/files/tra-1.jpg?v=1715573747453\" data-thumb=\"original\"><br>&nbsp; H&atilde;y bổ sung tr&agrave; xanh v&agrave;o th&oacute;i quen h&agrave;ng ng&agrave;y để kh&ocirc;ng chỉ thưởng thức một thức uống thơm ngon, thanh m&aacute;t m&agrave; c&ograve;n tận dụng \"vũ kh&iacute;\" lợi hại n&agrave;y trong việc giảm c&acirc;n, đốt ch&aacute;y mỡ thừa v&agrave; cải thiện sức khỏe tổng thể.</p>\n<p><img src=\"https://bizweb.dktcdn.net/100/458/914/files/hinh-3-b805e1f0-c47c-46eb-b097-f401f8273832.png?v=1715573474516\" data-thumb=\"original\"></p>\n<p>&nbsp;<br><em>H&igrave;nh 3. Cơ chế t&aacute;c động của h&oacute;a chất EGCG (Epigallocatechin gallate) c&oacute; trong tr&agrave; xanh (GTE - Green Tea Extract) l&ecirc;n m&ocirc; mỡ (adipose tissue)</em></p>\n<p><br><strong>6.&nbsp;&nbsp; &nbsp;Hoa quả</strong><br>&nbsp; M&acirc;m x&ocirc;i l&agrave; loại quả &iacute;t calo, kh&ocirc;ng chứa đường, nhưng lại chứa nhiều chất chống oxy h&oacute;a gi&uacute;p chống vi&ecirc;m, tăng cường đốt ch&aacute;y mỡ thừa. Ch&uacute;ng cũng chứa hoạt chất C3G gi&uacute;p tăng sản xuất adiponectin v&agrave; leptin để đốt mỡ hiệu quả.</p>\n<p><img src=\"https://bizweb.dktcdn.net/100/458/914/files/qua-mam-xoi-phuc-bon-tu-thanh-phan-dinh-duong-va-cong-dung-tot-cho-suc-khoe-202107222205585947.jpg?v=1715574546092\" data-thumb=\"original\"><br><strong>Kết luận</strong><br>&nbsp; Tr&ecirc;n đ&acirc;y l&agrave; những thực phẩm \"v&agrave;ng\" gi&uacute;p đốt ch&aacute;y mỡ nội tạng hiệu quả nhất. Tuy nhi&ecirc;n, để đạt được kết quả tối ưu v&agrave; l&acirc;u d&agrave;i, điều quan trọng l&agrave; bạn cần kết hợp ch&uacute;ng trong một chế độ ăn c&acirc;n bằng, gi&agrave;u chất đạm v&agrave; chất xơ. Đừng qu&ecirc;n d&agrave;nh thời gian cho việc tập luyện thể dục thường xuy&ecirc;n, v&igrave; đ&acirc;y l&agrave; \"ch&igrave;a kh&oacute;a\" gi&uacute;p đẩy nhanh qu&aacute; tr&igrave;nh giảm mỡ nội tạng v&agrave; duy tr&igrave; một cơ thể khỏe mạnh.<br>&nbsp; H&atilde;y nhớ rằng, giảm mỡ nội tạng l&agrave; một h&agrave;nh tr&igrave;nh đ&ograve;i hỏi sự ki&ecirc;n tr&igrave; v&agrave; nỗ lực. Bằng c&aacute;ch &aacute;p dụng những lời khuy&ecirc;n tr&ecirc;n v&agrave; lắng nghe cơ thể m&igrave;nh, bạn sẽ từng bước đến gần hơn với mục ti&ecirc;u c&oacute; một v&oacute;c d&aacute;ng săn chắc v&agrave; một sức khỏe tốt. H&atilde;y bắt đầu ngay từ h&ocirc;m nay v&agrave; ki&ecirc;n định với lựa chọn của m&igrave;nh, th&agrave;nh quả sẽ đến với bạn nhanh hơn bạn nghĩ. Ch&uacute;c bạn th&agrave;nh c&ocirc;ng tr&ecirc;n h&agrave;nh tr&igrave;nh chinh phục mỡ nội tạng v&agrave; x&acirc;y dựng một lối sống l&agrave;nh mạnh!</p>\n<p><strong>Tham vấn y khoa: Thạc sĩ B&aacute;c sĩ Phạm Trần Thi&ecirc;n Nh&acirc;n<br>&nbsp;- Giảng Vi&ecirc;n bộ m&ocirc;n Dinh Dưỡng - Trường Đại Học Y Khoa Phạm Ngọc Thạch.<br>&nbsp;- B&aacute;c Sĩ chuy&ecirc;n khoa Dinh Dưỡng - Bệnh viện B&igrave;nh D&acirc;n</strong></p>\n</div>','http://res.cloudinary.com/dpucib9ge/image/upload/v1746807879/uvyzwjpvtfm78vs7kkua.webp','2025-05-09','Những món ngon đốt cháy mỡ nội tạng của bạn',_binary '\0'),(12,'<h1 class=\"article-title\">Định lượng chất b&eacute;o cần thiết cho mỗi giai đoạn của thai kỳ</h1>\n<div class=\"rte\">\n<p><iframe title=\"YouTube video player\" src=\"https://www.youtube.com/embed/QUHe-baxG4g?si=EiuxmKeZAr24EqQ-\" width=\"1500\" height=\"700\" frameborder=\"400\" allow=\"accelerometer; autoplay; clipboard-write; encrypted-media; gyroscope; picture-in-picture; web-share\" allowfullscreen=\"allowfullscreen\" referrerpolicy=\"strict-origin-when-cross-origin\"></iframe></p>\n<p>Chuyện g&igrave; kh&oacute;, c&oacute; B&aacute;c Sĩ Nh&acirc;n lo! Đối với c&aacute;c thai phụ, việc lựa chọn thực phẩm cho cơ thể sẽ kiểm so&aacute;t được c&aacute;c h&agrave;m lượng dinh dưỡng mật thiết cho em b&eacute; lẫn người mẹ. Với sản phẩm của nh&agrave; T&acirc;y Nguy&ecirc;n Food - Việt Nam, việc đ&oacute; kh&ocirc;ng c&ograve;n l&agrave; qu&aacute; kh&oacute; khăn nữa! H&atilde;y c&ugrave;ng ch&uacute;ng m&igrave;nh t&igrave;m hiểu nha!</p>\n</div>','http://res.cloudinary.com/dpucib9ge/image/upload/v1746807895/r8zqmrliu35vg4yze1mq.webp','2025-05-09','Định lượng chất béo cần thiết cho mỗi giai đoạn của thai kỳ',_binary '\0');
/*!40000 ALTER TABLE `news` ENABLE KEYS */;
UNLOCK TABLES;

--
-- Table structure for table `order_accessory_item`
--

DROP TABLE IF EXISTS `order_accessory_item`;
/*!40101 SET @saved_cs_client     = @@character_set_client */;
/*!50503 SET character_set_client = utf8mb4 */;
CREATE TABLE `order_accessory_item` (
  `id` bigint NOT NULL AUTO_INCREMENT,
  `price_at_purchase` double NOT NULL,
  `quantity` int NOT NULL,
  `accessory_id` bigint DEFAULT NULL,
  `order_item_id` bigint DEFAULT NULL,
  PRIMARY KEY (`id`),
  KEY `FKe1pw8cqtumj027vwx3i5kbomm` (`accessory_id`),
  KEY `FKt8mibe1m6fm6m8s1p6rxbmp9f` (`order_item_id`),
  CONSTRAINT `FKe1pw8cqtumj027vwx3i5kbomm` FOREIGN KEY (`accessory_id`) REFERENCES `accessory` (`id`),
  CONSTRAINT `FKt8mibe1m6fm6m8s1p6rxbmp9f` FOREIGN KEY (`order_item_id`) REFERENCES `order_item` (`id`)
) ENGINE=InnoDB DEFAULT CHARSET=utf8mb4 COLLATE=utf8mb4_0900_ai_ci;
/*!40101 SET character_set_client = @saved_cs_client */;

--
-- Dumping data for table `order_accessory_item`
--

LOCK TABLES `order_accessory_item` WRITE;
/*!40000 ALTER TABLE `order_accessory_item` DISABLE KEYS */;
/*!40000 ALTER TABLE `order_accessory_item` ENABLE KEYS */;
UNLOCK TABLES;

--
-- Table structure for table `order_item`
--

DROP TABLE IF EXISTS `order_item`;
/*!40101 SET @saved_cs_client     = @@character_set_client */;
/*!50503 SET character_set_client = utf8mb4 */;
CREATE TABLE `order_item` (
  `id` bigint NOT NULL AUTO_INCREMENT,
  `price_at_purchase` double NOT NULL,
  `quantity` int NOT NULL,
  `order_id` bigint DEFAULT NULL,
  `product_id` bigint DEFAULT NULL,
  `variant_id` bigint DEFAULT NULL,
  PRIMARY KEY (`id`),
  KEY `FKt4dc2r9nbvbujrljv3e23iibt` (`order_id`),
  KEY `FK551losx9j75ss5d6bfsqvijna` (`product_id`),
  KEY `FKcvr1aqkc2suhg2lvuwpfe0q0s` (`variant_id`),
  CONSTRAINT `FK551losx9j75ss5d6bfsqvijna` FOREIGN KEY (`product_id`) REFERENCES `product` (`id`),
  CONSTRAINT `FKcvr1aqkc2suhg2lvuwpfe0q0s` FOREIGN KEY (`variant_id`) REFERENCES `product_variant` (`id`),
  CONSTRAINT `FKt4dc2r9nbvbujrljv3e23iibt` FOREIGN KEY (`order_id`) REFERENCES `orders` (`id`)
) ENGINE=InnoDB AUTO_INCREMENT=52 DEFAULT CHARSET=utf8mb4 COLLATE=utf8mb4_0900_ai_ci;
/*!40101 SET character_set_client = @saved_cs_client */;

--
-- Dumping data for table `order_item`
--

LOCK TABLES `order_item` WRITE;
/*!40000 ALTER TABLE `order_item` DISABLE KEYS */;
INSERT INTO `order_item` VALUES (46,99000,1,26,115,NULL),(47,79000,1,26,131,177),(48,62000,1,26,119,160),(49,119000,1,27,131,NULL),(50,85000,1,27,116,NULL),(51,199000,1,27,118,NULL);
/*!40000 ALTER TABLE `order_item` ENABLE KEYS */;
UNLOCK TABLES;

--
-- Table structure for table `orders`
--

DROP TABLE IF EXISTS `orders`;
/*!40101 SET @saved_cs_client     = @@character_set_client */;
/*!50503 SET character_set_client = utf8mb4 */;
CREATE TABLE `orders` (
  `id` bigint NOT NULL AUTO_INCREMENT,
  `is_paid` bit(1) NOT NULL,
  `order_time` datetime(6) DEFAULT NULL,
  `payment_method` varchar(255) DEFAULT NULL,
  `status` varchar(255) DEFAULT NULL,
  `total_amount` double DEFAULT NULL,
  `user_id` bigint DEFAULT NULL,
  `voucher_id` bigint DEFAULT NULL,
  `address_book_id` bigint NOT NULL,
  PRIMARY KEY (`id`),
  KEY `FKel9kyl84ego2otj2accfd8mr7` (`user_id`),
  KEY `FKrx5vk9ur428660yp19hw98nr2` (`voucher_id`),
  KEY `FKs19261pc1vh3t8m5qfo8fvp64` (`address_book_id`),
  CONSTRAINT `FKel9kyl84ego2otj2accfd8mr7` FOREIGN KEY (`user_id`) REFERENCES `user` (`id`),
  CONSTRAINT `FKrx5vk9ur428660yp19hw98nr2` FOREIGN KEY (`voucher_id`) REFERENCES `voucher` (`id`),
  CONSTRAINT `FKs19261pc1vh3t8m5qfo8fvp64` FOREIGN KEY (`address_book_id`) REFERENCES `address_book` (`address_book_id`)
) ENGINE=InnoDB AUTO_INCREMENT=28 DEFAULT CHARSET=utf8mb4 COLLATE=utf8mb4_0900_ai_ci;
/*!40101 SET character_set_client = @saved_cs_client */;

--
-- Dumping data for table `orders`
--

LOCK TABLES `orders` WRITE;
/*!40000 ALTER TABLE `orders` DISABLE KEYS */;
INSERT INTO `orders` VALUES (26,_binary '\0','2025-05-09 23:17:43.930588','COD','Hoàn tất',240000,1,NULL,18),(27,_binary '','2025-05-09 23:44:16.906798','VNPay','Hoàn tất',403000,1,NULL,18);
/*!40000 ALTER TABLE `orders` ENABLE KEYS */;
UNLOCK TABLES;

--
-- Table structure for table `product`
--

DROP TABLE IF EXISTS `product`;
/*!40101 SET @saved_cs_client     = @@character_set_client */;
/*!50503 SET character_set_client = utf8mb4 */;
CREATE TABLE `product` (
  `id` bigint NOT NULL AUTO_INCREMENT,
  `description` longtext,
  `hot` bit(1) NOT NULL,
  `name` varchar(100) NOT NULL,
  `price` double NOT NULL,
  `quantity` int NOT NULL,
  `sale` bit(1) NOT NULL,
  `sale_price` double NOT NULL,
  `category_id` bigint DEFAULT NULL,
  `deleted` bit(1) NOT NULL,
  PRIMARY KEY (`id`),
  KEY `FK1mtsbur82frn64de7balymq9s` (`category_id`),
  CONSTRAINT `FK1mtsbur82frn64de7balymq9s` FOREIGN KEY (`category_id`) REFERENCES `category` (`id`)
) ENGINE=InnoDB AUTO_INCREMENT=132 DEFAULT CHARSET=utf8mb4 COLLATE=utf8mb4_0900_ai_ci;
/*!40101 SET character_set_client = @saved_cs_client */;

--
-- Dumping data for table `product`
--

LOCK TABLES `product` WRITE;
/*!40000 ALTER TABLE `product` DISABLE KEYS */;
INSERT INTO `product` VALUES (112,'<p><img src=\"https://bizweb.dktcdn.net/100/458/914/files/01-bun-2x.png?v=1716793173318\" data-thumb=\"original\"><img src=\"https://bizweb.dktcdn.net/100/458/914/files/2-2x-49d13877-6c19-4581-be9f-ac14a4df64a4.png?v=1709868427414\" data-thumb=\"original\"><img src=\"https://bizweb.dktcdn.net/100/458/914/files/3-2x-8ffb52e7-5134-45dc-ac73-2dcf5bdd33bb.png?v=1709868429345\" data-thumb=\"original\"><img src=\"https://bizweb.dktcdn.net/100/458/914/files/4-2x-371764f9-a5ad-42fc-b865-676b167de1de.png?v=1709868430882\" data-thumb=\"original\"><img src=\"https://bizweb.dktcdn.net/100/458/914/files/5-d835becf-b8f4-4d88-a08d-238f111b272e.png?v=1709868432711\" data-thumb=\"original\"></p>\n<p><strong>B&Uacute;N RAU CỦ &ndash; TINH HOA ĐẤT TRỜI QUYỆN TRONG TỪNG SỢI B&Uacute;N</strong><br>Sự đa dạng v&agrave; phong ph&uacute; của n&ocirc;ng sản Việt Nam lu&ocirc;n l&agrave; nguồn cảm hứng bất tận cho c&aacute;c s&aacute;ng tạo ẩm thực độc đ&aacute;o. B&uacute;n rau củ T&acirc;y Nguy&ecirc;n Food &ndash; Việt Nam hội tụ tinh hoa của đất trời, nơi mỗi m&agrave;u sắc, hương vị đều mang theo c&acirc;u chuyện ri&ecirc;ng. Sợi b&uacute;n dai dai, mềm mềm, quyện trong vị ngọt thanh của nước d&ugrave;ng, h&ograve;a quyện c&ugrave;ng vị tươi m&aacute;t của rau củ, tạo n&ecirc;n bản h&ograve;a tấu đầy tinh tế tr&ecirc;n đầu lưỡi.</p>\n<p>Kh&ocirc;ng chỉ l&agrave; m&oacute;n ăn thanh đạm &ldquo;healthy&rdquo;, tốt cho sức khỏe m&agrave; c&ograve;n l&agrave; niềm tự h&agrave;o của người Việt Nam. Mỗi t&ocirc; b&uacute;n rau củ l&agrave; lời ch&agrave;o đ&oacute;n nồng hậu, l&agrave; n&eacute;t đẹp văn h&oacute;a của người Việt.</p>\n<p><strong>TH&Ocirc;NG TIN SẢN PHẨM</strong><br>- Sản phẩm: B&Uacute;N RAU CỦ<br>- Thương hiệu: T&Acirc;Y NGUY&Ecirc;N FOOD&nbsp; - VIỆT NAM<br>- Th&agrave;nh phần: Gạo nguy&ecirc;n chất, rau củ (gấc, ch&ugrave;m ng&acirc;y, hoa đậu biếc, l&aacute; cẩm, khoai lang t&iacute;m,...)<br>-&nbsp;Đ&oacute;ng g&oacute;i &amp; chịu tr&aacute;ch nhiệm: C&ocirc;ng ty TNHH XNK T&acirc;y Nguy&ecirc;n - G43 L&ecirc; Thị Ri&ecirc;ng &ndash; KDC Thới An, Phường Thới An, Q.12, TP. Hồ Ch&iacute; Minh.<br>- Hạn sử dụng: 12 th&aacute;ng kể từ ng&agrave;y sản xuất<br>- Xuất xứ: Cao Bằng, Việt Nam<br>- Hướng dẫn sử dụng: Ng&acirc;m qua với nước lạnh 25 - 30 ph&uacute;t. Đun s&ocirc;i nước bỏ v&agrave;o luộc 1-2 ph&uacute;t, sau đ&oacute; xả qua nước lạnh để r&aacute;o. D&ugrave;ng chế biến th&agrave;nh m&oacute;n ăn t&ugrave;y th&iacute;ch.<br>- Hướng dẫn bảo quản: Bảo quản tại nơi tho&aacute;ng m&aacute;t, kh&ocirc; r&aacute;o, điều kiện b&igrave;nh thường, tr&aacute;nh &aacute;nh s&aacute;ng trực tiếp. Sau khi x&eacute; bao b&igrave; sản phẩm, n&ecirc;n đậy k&iacute;n sản phẩm hoặc bỏ v&agrave;o ngăn m&aacute;t tủ lạnh.<br>- Trọng lượng: 1kg</p>\n<p><strong>TH&Ocirc;NG TIN DINH DƯỠNG C&Oacute; TRONG 100GR B&Uacute;N GẠO RAU CỦ&nbsp;CỦA T&Acirc;Y NGUY&Ecirc;N FOOD - VIỆT NAM</strong><br>+ Calories: 320<br>+ Fat: 1.9<br>+ Carbs: 81.2<br>+ Protein: 5.7</p>',_binary '\0','Bún Rau Củ',150000,100,_binary '\0',130000,42,_binary '\0'),(113,'<p><img src=\"https://bizweb.dktcdn.net/100/458/914/files/1-86e906bc-75dc-467e-a353-82825c413c29.png?v=1717057506620\" data-thumb=\"original\"><img src=\"https://bizweb.dktcdn.net/100/458/914/files/2-2x-c64eefd9-6a71-45bd-a7c2-c555f56b39be.png?v=1709869194506\" data-thumb=\"original\"><img src=\"https://bizweb.dktcdn.net/100/458/914/files/3-2x-871db495-0445-47c7-84d7-4671ea82c86b.png?v=1709869196147\" data-thumb=\"original\"><img src=\"https://bizweb.dktcdn.net/100/458/914/files/4-2x-e5ccb18f-33d4-45c4-a0be-c727286c7d90.png?v=1709869198087\" data-thumb=\"original\"><img src=\"https://bizweb.dktcdn.net/100/458/914/files/5-aa978b5e-a273-427d-af3e-1498a63da191.png?v=1709869199905\" data-thumb=\"original\"></p>\n<p dir=\"ltr\"><strong id=\"docs-internal-guid-ee54b047-7fff-8512-a1db-a87a4c491a39\">B&Uacute;N GẠO LỨT ĐỎ &ndash; LỰA CHỌN BỮA ĂN L&Agrave;NH MẠNH</strong><br>B&uacute;n gạo lứt đỏ &ndash; sự biến tấu đầy s&aacute;ng tạo từ gạo lứt huyết rồng mang đến m&oacute;n ăn vừa hiện đại, vừa giữ trọn tinh hoa truyền thống. Nhờ được canh t&aacute;c theo phương ph&aacute;p thuần hữu cơ v&agrave; trồng tại v&ugrave;ng đất Cao Bằng m&agrave;u mỡ, gạo lứt huyết rồng giữ nguy&ecirc;n được trọn vẹn dưỡng chất qu&yacute; gi&aacute; từ lớp c&aacute;m v&agrave; mầm gạo. B&uacute;n gạo lứt đỏ từ đ&oacute; mang đến hương vị thơm ngon, thanh tao c&ugrave;ng h&agrave;m lượng dinh dưỡng dồi d&agrave;o.</p>\n<p><strong>TH&Ocirc;NG TIN SẢN PHẨM</strong><br>- Sản phẩm: B&Uacute;N GẠO LỨT ĐỎ<br>- Thương hiệu: T&Acirc;Y NGUY&Ecirc;N FOOD - VIỆT NAM<br>- Đ&oacute;ng g&oacute;i &amp; chịu tr&aacute;ch nhiệm: C&ocirc;ng ty TNHH XNK T&acirc;y Nguy&ecirc;n - G43 L&ecirc; Thị Ri&ecirc;ng &ndash; KDC Thới An, Phường Thới An, Q.12, TP. Hồ Ch&iacute; Minh.<br>- Th&agrave;nh phần: Gạo lứt huyết rồng<br>- Hạn sử dụng: 12 th&aacute;ng kể từ ng&agrave;y sản xuất<br>- Xuất xứ: Cao Bằng, Việt Nam<br>- Hướng dẫn sử dụng: Ng&acirc;m qua với nước lạnh 25 - 30 ph&uacute;t. Đun s&ocirc;i nước bỏ v&agrave;o luộc 1-2 ph&uacute;t, sau đ&oacute; xả qua nước lạnh để r&aacute;o. D&ugrave;ng chế biến th&agrave;nh m&oacute;n ăn t&ugrave;y th&iacute;ch.<br>- Hướng dẫn bảo quản: Bảo quản tại nơi tho&aacute;ng m&aacute;t, kh&ocirc; r&aacute;o, điều kiện b&igrave;nh thường, tr&aacute;nh &aacute;nh s&aacute;ng trực tiếp. Sau khi x&eacute; bao b&igrave; sản phẩm, n&ecirc;n đậy k&iacute;n sản phẩm hoặc bỏ v&agrave;o ngăn m&aacute;t tủ lạnh.<br>- Trọng lượng: 500g, 1kg</p>\n<p>&nbsp;</p>\n<p><strong>TH&Ocirc;NG TIN DINH DƯỠNG C&Oacute; TRONG 100 GRAM B&Uacute;N GẠO LỨT ĐỎ CỦA T&Acirc;Y&nbsp;NGUY&Ecirc;N FOOD - VIỆT NAM</strong><br>+ Calories: 214<br>+ Fat: 1.6<br>+ Carbs: 77.24<br>+ Protein: 4.5</p>\n<p><strong>5 C&Ocirc;NG DỤNG TUYỆT CỦA B&Uacute;N GẠO LỨT ĐỎ NH&Agrave; T&Acirc;Y NGUY&Ecirc;N FOOD - VIỆT NAM</strong><br>1: Hỗ trợ kiểm so&aacute;t c&acirc;n nặng v&agrave; giữ d&aacute;ng hiệu quả<br>2: Thanh lọc cơ thể, hỗ trợ loại bỏ chất thải v&agrave; c&aacute;c hợp chất kh&ocirc;ng mong muốn kh&aacute;c<br>3: Cung cấp năng lượng v&agrave; tăng sức đề kh&aacute;ng<br>4: Hỗ trợ qu&aacute; tr&igrave;nh trao đổi chất<br>5: Bổ sung dưỡng chất v&agrave; nhiều chất kho&aacute;ng c&oacute; lợi cho cơ thể<br>KH&Ocirc;NG CHẤT BẢO QUẢN, KH&Ocirc;NG CHẤT TẠO M&Agrave;U, KH&Ocirc;NG CHẤT PHỤ GIA</p>',_binary '','Bún Gạo Lứt Đỏ',110000,100,_binary '',85000,42,_binary '\0'),(114,'<p><img src=\"https://bizweb.dktcdn.net/100/458/914/files/1-bun-den-2x.png?v=1717057843823\" data-thumb=\"original\"><img src=\"https://bizweb.dktcdn.net/100/458/914/files/2-2x-901cae57-d7c2-416f-8c10-beb7ce0bb906.png?v=1709869509351\" data-thumb=\"original\"><img src=\"https://bizweb.dktcdn.net/100/458/914/files/3-2x-8ac7ad84-58b5-4bd0-83f0-673f3352bd6f.png?v=1709869511578\" data-thumb=\"original\"><img src=\"https://bizweb.dktcdn.net/100/458/914/files/4-2x-f7935e37-2537-4f36-b730-1043aa50dcde.png?v=1709869513288\" data-thumb=\"original\"><img src=\"https://bizweb.dktcdn.net/100/458/914/files/5-0c32e579-b92b-478c-b1a5-46bf4618ab62.png?v=1709869514638\" data-thumb=\"original\"></p>\n<p dir=\"ltr\"><strong id=\"docs-internal-guid-cb995aa2-7fff-cd32-cb6c-8bbea353a284\">B&Uacute;N GẠO LỨT ĐEN &ndash; LỰA CHỌN BỮA ĂN L&Agrave;NH MẠNH</strong><br>B&uacute;n gạo lứt đen &ndash; sự biến tấu đầy s&aacute;ng tạo từ gạo đen qu&yacute; gi&aacute;, kết hợp h&agrave;i h&ograve;a c&ugrave;ng vừng đen v&agrave; đỗ đen, mang đến m&oacute;n ăn vừa hiện đại, vừa giữ trọn tinh hoa truyền thống. Từng sợi b&uacute;n dai ngon mềm tan, &oacute;ng ả như tơ, được l&agrave;m từ nguy&ecirc;n liệu thuần tự nhi&ecirc;n, được trồng tại v&ugrave;ng đất m&agrave;u mỡ Cao Bằng, nơi sở hữu nguồn nước tinh khiết v&agrave; kh&iacute; hậu &ocirc;n h&ograve;a. Nhờ vậy, b&uacute;n gạo lứt đen của T&acirc;y Nguy&ecirc;n Food &ndash; Việt Nam kh&ocirc;ng chỉ mang hương vị thơm ngon, thanh tao, m&agrave; c&ograve;n chứa h&agrave;m lượng dinh dưỡng dồi d&agrave;o.</p>\n<p><strong>TH&Ocirc;NG TIN SẢN PHẨM</strong><br>- Sản phẩm: B&Uacute;N GẠO LỨT ĐEN<br>- Thương hiệu: T&Acirc;Y NGUY&Ecirc;N FOOD - VIỆT NAM<br>- Đ&oacute;ng g&oacute;i &amp; chịu tr&aacute;ch nhiệm:&nbsp;<em class=\"Highlight\">C&ocirc;</em>ng ty TNHH XNK T&acirc;y Nguy&ecirc;n - G43 L&ecirc; Thị Ri&ecirc;ng &ndash; KDC Thới An, Phường Thới An, Q.12, TP. Hồ Ch&iacute; Minh.<br>- Th&agrave;nh phần: Gạo lứt đen<br>- Hạn sử dụng: 12 th&aacute;ng kể từ ng&agrave;y sản xuất<br>- Xuất xứ: Cao Bằng, Việt Nam<br>- Hướng dẫn sử dụng: Ng&acirc;m qua với nước lạnh 25 - 30 ph&uacute;t. Đun s&ocirc;i nước bỏ v&agrave;o luộc 1-2 ph&uacute;t,<em class=\"Highlight\">&nbsp;sau đ&oacute;&nbsp;</em>xả qua nước lạnh để r&aacute;o. D&ugrave;ng chế biến th&agrave;nh m&oacute;n ăn t&ugrave;y th&iacute;ch.<br>- Hướng dẫn bảo quản: Bảo quản tại nơi tho&aacute;ng m&aacute;t, kh&ocirc; r&aacute;o, điều kiện b&igrave;nh thường, tr&aacute;nh &aacute;nh s&aacute;ng trực tiếp.&nbsp;<em class=\"Highlight\">Sau&nbsp;</em>khi x&eacute; bao b&igrave; sản phẩm, n&ecirc;n đậy k&iacute;n sản phẩm hoặc bỏ v&agrave;o ngăn m&aacute;t tủ lạnh.<br>- Trọng lượng: 500g, 1kg</p>\n<p><strong>TH&Ocirc;NG TIN DINH DƯỠNG C&Oacute; TRONG 100 GRAM B&Uacute;N GẠO LỨT ĐEN CỦA T&Acirc;Y NGUY&Ecirc;N FOOD - VIỆT NAM</strong><br>+ Calories: 170<br>+ Fat: 5<br>+ Carbs: 34<br>+ Protein: 5</p>\n<p><strong>5&nbsp;<em class=\"Highlight\">C&Ocirc;</em>NG DỤNG TUYỆT CỦA B&Uacute;N GẠO LỨT ĐEN NH&Agrave; T&Acirc;Y NGUY&Ecirc;N FOOD - VIỆT NAM</strong><br>1: Hỗ trợ kiểm so&aacute;t c&acirc;n nặng v&agrave; giữ d&aacute;ng hiệu quả<br>2: Thanh lọc cơ thể, hỗ trợ loại bỏ chất thải v&agrave; c&aacute;c hợp chất kh&ocirc;ng mong muốn kh&aacute;c<br>3: Cung cấp năng lượng v&agrave; tăng sức đề kh&aacute;ng<br>4: Hỗ trợ qu&aacute; tr&igrave;nh trao đổi chất<br>5: Bổ sung dưỡng chất v&agrave; nhiều chất kho&aacute;ng c&oacute; lợi cho cơ thể<br>KH&Ocirc;NG CHẤT BẢO QUẢN, KH&Ocirc;NG CHẤT TẠO M&Agrave;U, KH&Ocirc;NG CHẤT PHỤ GIA</p>',_binary '\0','Bún Gạo Lứt Đen',110000,100,_binary '',85000,42,_binary '\0'),(115,'<p><img src=\"https://bizweb.dktcdn.net/100/458/914/files/1-2x-3749c820-1633-4c76-bcc2-a88c1c1f9dd2.png?v=1713171716516\" data-thumb=\"original\"><img src=\"https://bizweb.dktcdn.net/100/458/914/files/2-2x-aafe5a3e-ed9b-4d71-ac7c-6de938a8a0f2.png?v=1713171718614\" data-thumb=\"original\"><img src=\"https://bizweb.dktcdn.net/100/458/914/files/3-2x-471a61f7-efdf-4eed-bab5-d3c1be9134f8.png?v=1713171720520\" data-thumb=\"original\"><img src=\"https://bizweb.dktcdn.net/100/458/914/files/4-2x-90b4506d-9001-4feb-b42e-c259adfb8f33.png?v=1713171721990\" data-thumb=\"original\"><br>C&agrave; ph&ecirc; sữa h&ograve;a tan 3 trong 1 của T&acirc;y Nguy&ecirc;n Food - Việt Nam được tuyển chọn kỹ lưỡng từ những hạt c&agrave; ph&ecirc; chất lượng cao trồng tại v&ugrave;ng đất trồng c&agrave; ph&ecirc; nổi tiếng - T&acirc;y Nguy&ecirc;n, nơi được mệnh danh l&agrave; \"thủ phủ c&agrave; ph&ecirc;\" của Việt Nam. Vị đắng thơm đậm đ&agrave; của c&agrave; ph&ecirc; nguy&ecirc;n chất h&ograve;a quyện c&ugrave;ng hương thơm nồng n&agrave;n, quyến rũ của bột kem kh&ocirc;ng sữa tạo n&ecirc;n một hương vị c&agrave; ph&ecirc; đặc đậm đ&agrave; b&eacute;o nhẹ kh&oacute; qu&ecirc;n.</p>\n<p><strong>TH&Ocirc;NG TIN SẢN PHẨM&nbsp;</strong><br>&ndash; Sản phẩm: C&Agrave; PH&Ecirc; SỮA H&Ograve;A TAN 3IN1<br>&ndash; Thương hiệu: T&Acirc;Y NGUY&Ecirc;N FOOD - VIỆT NAM<br>&ndash;&nbsp;Th&agrave;nh phần: Bột kem kh&ocirc;ng sữa, đường, hỗn hợp c&agrave; ph&ecirc; (c&agrave; ph&ecirc; h&ograve;a tan v&agrave; c&agrave; ph&ecirc; rang xay nhuyễn) 12%, dextroza, muối i ốt v&agrave; hương liệu c&agrave; ph&ecirc; tổng hợp&nbsp;<br>&ndash; Hạn sử dụng: 24 th&aacute;ng kể từ ng&agrave;y sản xuất<br>&ndash; Xuất xứ: Việt Nam<br>&ndash; Quy c&aacute;ch đ&oacute;ng g&oacute;i: 320g (16 g&oacute;i x 20g)<br>&ndash; Hướng dẫn sử dụng: H&ograve;a 1 g&oacute;i c&agrave; ph&ecirc; &nbsp;tan với 60 ml nước n&oacute;ng (80&ordm;C &ndash; 100&ordm;C) khuấy đều, th&ecirc;m đường hoặc đ&aacute; t&ugrave;y theo khẩu vị v&agrave; thưởng thức.<br>&ndash; Hướng dẫn bảo quản: Bảo quản tại nơi tho&aacute;ng m&aacute;t, kh&ocirc; r&aacute;o, điều kiện b&igrave;nh thường, tr&aacute;nh &aacute;nh s&aacute;ng trực tiếp.</p>',_binary '\0','Cà Phê Sữa Hòa Tan 3in1',130000,99,_binary '',99000,41,_binary '\0'),(116,'<p><img src=\"https://bizweb.dktcdn.net/100/458/914/files/1-2x-207e35eb-888f-488e-9845-19a4f5e55e80.png?v=1713172176468\" data-thumb=\"original\"><img src=\"https://bizweb.dktcdn.net/100/458/914/files/2-2x-eb39fea7-25ae-4989-a851-a0c44a8fdd05.png?v=1713172180264\" data-thumb=\"original\"><img src=\"https://bizweb.dktcdn.net/100/458/914/files/3-2x-00f4d4ed-c6a0-4178-a12a-d11f0155c1b3.png?v=1713172177620\" data-thumb=\"original\"><img src=\"https://bizweb.dktcdn.net/100/458/914/files/4-2x-60aa90f5-d978-48f7-9365-ed562b4fbc01.png?v=1713172178869\" data-thumb=\"original\"><br>C&agrave; ph&ecirc; đen h&ograve;a tan T&acirc;y Nguy&ecirc;n Food - Việt Nam được l&agrave;m từ những hạt c&agrave; ph&ecirc; &nbsp;tuyển chọn kỹ lưỡng, mang đến hương vị c&agrave; ph&ecirc; đ&iacute;ch thực của n&uacute;i rừng T&acirc;y Nguy&ecirc;n với vị đắng nhẹ, đắng m&agrave; hậu ngọt, hương thơm nồng n&agrave;n của hạt c&agrave; ph&ecirc; nguy&ecirc;n chất. H&atilde;y thưởng thức c&agrave; ph&ecirc; đen h&ograve;a tan của T&acirc;y Nguy&ecirc;n Food - Việt Nam để cảm nhận trọn vẹn hương vị c&agrave; ph&ecirc; của n&uacute;i rừng T&acirc;y Nguy&ecirc;n như một niềm tự h&agrave;o về đất nước v&agrave; con người Việt Nam.</p>\n<p><strong>TH&Ocirc;NG TIN SẢN PHẨM&nbsp;</strong><br>&ndash;&nbsp;Sản phẩm: C&Agrave; PH&Ecirc; ĐEN H&Ograve;A TAN&nbsp;<br>&ndash;&nbsp;Thương hiệu: T&Acirc;Y NGUY&Ecirc;N FOOD - VIỆT NAM<br>&ndash; Th&agrave;nh phần:&nbsp;<em class=\"Highlight\">100%&nbsp;</em>c&agrave; ph&ecirc; h&ograve;a tan&nbsp;<br>&ndash; Hạn sử dụng: 24&nbsp;th&aacute;ng kể từ ng&agrave;y sản xuất<br>&ndash; Xuất xứ: Việt Nam<br>&ndash; Quy c&aacute;ch đ&oacute;ng g&oacute;i: 30g (2g x 15 g&oacute;i)<br>&ndash; Hướng dẫn sử dụng:&nbsp;H&ograve;a 1 g&oacute;i c&agrave; ph&ecirc; đen&nbsp;h&ograve;a tan&nbsp;với 50 ml nước n&oacute;ng (80&ordm;C &ndash; 100&ordm;C) khuấy đều, th&ecirc;m đường hoặc sữa&nbsp;t&ugrave;y theo khẩu vị v&agrave; thưởng thức.<br>&ndash; Hướng dẫn bảo quản: Bảo quản tại nơi tho&aacute;ng m&aacute;t, kh&ocirc; r&aacute;o, điều kiện b&igrave;nh thường, tr&aacute;nh &aacute;nh s&aacute;ng trực tiếp.</p>',_binary '','Cà Phê Đen Hòa Tan',65000,99,_binary '',85000,41,_binary '\0'),(117,'<p><img src=\"https://bizweb.dktcdn.net/100/458/914/files/1-4de56c6f-51c4-4325-a1b0-a0f281216fe5.png?v=1713172697908\" data-thumb=\"original\"><img src=\"https://bizweb.dktcdn.net/100/458/914/files/a3-2x.png?v=1729217105298\" data-thumb=\"original\"><img src=\"https://bizweb.dktcdn.net/100/458/914/files/3-075d04b9-5a94-4a82-930d-aa874c35d68a.png?v=1713172700593\" data-thumb=\"original\"><img src=\"https://bizweb.dktcdn.net/100/458/914/files/4-6745856b-3cdf-4833-91ec-2332cece9c26.png?v=1713172702097\" data-thumb=\"original\"><br><br>Tr&agrave; gạo lứt nh&agrave; T&acirc;y Nguy&ecirc;n Food - Việt Nam chắt lọc tinh t&uacute;y từ những nguy&ecirc;n liệu ho&agrave;n to&agrave;n tự nhi&ecirc;n: gạo lứt, đậu đen xanh l&ograve;ng, đậu đỏ, kỷ tử, cỏ ngọt v&agrave; hoa nh&agrave;i. T&aacute;ch tr&agrave; sau khi pha c&oacute; m&agrave;u n&acirc;u s&aacute;ng, thoang thoảng m&ugrave;i gạo rang, hương thơm nhẹ nh&agrave;ng từ hoa nh&agrave;i với vị ngọt tự nhi&ecirc;n của cỏ ngọt, ho&agrave;n to&agrave;n kh&ocirc;ng c&oacute; đường n&ecirc;n rất tốt cho sức khỏe, đặc biệt đối với những người muốn kiểm so&aacute;t c&acirc;n nặng cũng như lượng đường trong m&aacute;u.<br>Tr&agrave; được đựng trong từng t&uacute;i nhỏ ri&ecirc;ng biệt, tiện lợi cho một lần pha. Một t&uacute;i &nbsp;pha được khoảng 1000&nbsp;ml&nbsp;tr&agrave;, gần đủ lượng nước cần cho một ng&agrave;y, d&ugrave;ng n&oacute;ng hay lạnh đều ngon.</p>\n<p><strong>TH&Ocirc;NG TIN SẢN PHẨM</strong><br>&ndash;&nbsp;Sản phẩm: TR&Agrave; GẠO LỨT<br>&ndash;&nbsp;Thương hiệu: T&Acirc;Y NGUY&Ecirc;N FOOD - VIỆT NAM<br>&ndash;&nbsp;Đ&oacute;ng g&oacute;i &amp; chịu tr&aacute;ch nhiệm: C&ocirc;ng ty TNHH XNK T&acirc;y Nguy&ecirc;n - G43 L&ecirc; Thị Ri&ecirc;ng &ndash; KDC Thới An, Phường Thới An, Q.12, TP. Hồ Ch&iacute; Minh.<br>&ndash;&nbsp;Th&agrave;nh phần: gạo lứt, đậu đen xanh l&ograve;ng, đậu đỏ, kỷ tử, hoa nh&agrave;i, cỏ ngọt<br>&ndash;&nbsp;Hướng dẫn sử dụng: Cho 1 g&oacute;i v&agrave;o 1000 ml nước đun s&ocirc;i trong 1 ph&uacute;t hoặc ng&acirc;m trong nước n&oacute;ng tr&ecirc;n 80 độ C từ 10-15 ph&uacute;t. Tr&agrave; sau khi chế biến n&ecirc;n sử dụng trong v&ograve;ng 24 tiếng để đảm bao hương vị. C&oacute; thể d&ugrave;ng th&ecirc;m đ&aacute; nếu th&iacute;ch uống lạnh<br>&ndash;&nbsp;Ng&agrave;y đ&oacute;ng g&oacute;i: In tr&ecirc;n bao b&igrave;<br>&ndash;&nbsp;HSD: In tr&ecirc;n bao b&igrave; (12 th&aacute;ng kể từ ng&agrave;y sản xuất)<br>&ndash;&nbsp;Trọng lượng: 500g/hộp (25 g&oacute;i)</p>\n<p><strong>5 C&Ocirc;NG DỤNG CỦA TR&Agrave; GẠO LỨT NH&Agrave; T&Acirc;Y NGUY&Ecirc;N FOOD - VIỆT NAM</strong><br>1. Thanh lọc cơ thể, tăng cường qu&aacute; tr&igrave;nh trao đổi chất<br>2. Hỗ trợ kiểm so&aacute;t lượng đường trong m&aacute;u&nbsp;<br>3. L&agrave; một nguồn cung cấp chất chống oxy h&oacute;a cho cơ thể<br>4. Cung cấp nhiều vitamin hỗ trợ cải thiện t&igrave;nh trạng về da<br>5. Bổ sung nhiều kho&aacute;ng chất cho cho cơ thể<br>KH&Ocirc;NG CHẤT BẢO QUẢN, KH&Ocirc;NG CHẤT TẠO M&Agrave;U, KH&Ocirc;NG CHẤT PHỤ GIA</p>',_binary '\0','Trà Gạo Lứt',400000,100,_binary '',320000,41,_binary '\0'),(118,'<p><strong><img src=\"https://bizweb.dktcdn.net/100/458/914/files/1-2x-ccbfd6b6-4b5c-4f37-99b9-1666961320fd.png?v=1713171118196\" data-thumb=\"original\"><img src=\"https://bizweb.dktcdn.net/100/458/914/files/2-2x-e2d0ae2d-0fb7-4b53-9153-86e07073c158.png?v=1713171114775\" data-thumb=\"original\"><img src=\"https://bizweb.dktcdn.net/100/458/914/files/3-2x-d045090f-06a1-485c-acf8-541517789794.png?v=1713171119034\" data-thumb=\"original\"><img src=\"https://bizweb.dktcdn.net/100/458/914/files/3-1-2x.png?v=1713171115766\" data-thumb=\"original\"><img src=\"https://bizweb.dktcdn.net/100/458/914/files/4-2x-e5be6a92-17e6-4970-9834-12f8b861a21a.png?v=1713171117011\" data-thumb=\"original\"><br><br>C&Agrave; PH&Ecirc;&nbsp;NGUY&Ecirc;N CHẤT T&Acirc;Y NGUY&Ecirc;N &ndash;&nbsp;ĐẬM Đ&Agrave; HƯƠNG VỊ CỦA N&Uacute;I RỪNG</strong><br>Thời những năm 90, c&aacute;ch rang c&agrave; ph&ecirc; duy nhất tại Việt Nam l&agrave; rang bằng chảo. Dựa v&agrave;o kinh nghiệm, tay nghề người thợ rang m&agrave; hạt c&agrave; ph&ecirc; sẽ bị ch&aacute;y một phần. V&igrave; thế vị đắng của ly cafe truyền thống sẽ l&agrave; đắng đậm, một&nbsp;<em class=\"Highlight\">ch&uacute;</em>t chua &ndash; ch&aacute;t v&igrave; l&ecirc;n men l&acirc;u. Ng&agrave;y nay, kh&ocirc;ng c&ograve;n nhiều loại c&agrave; ph&ecirc; mang đ&uacute;ng ch&iacute;nh x&aacute;c tạo vị của c&agrave; ph&ecirc; truyền thống. Với mong muốn mang lại trải nghiệm vị tự nhi&ecirc;n của c&agrave; ph&ecirc;,&nbsp;<em class=\"Highlight\">ch&uacute;</em>ng t&ocirc;i xin giới thiệu đến c&aacute;c bạn d&ograve;ng sản phẩm&nbsp;<strong>C&agrave; Ph&ecirc; Nguy&ecirc;n Chất T&acirc;y Nguy&ecirc;n.</strong><br>Được l&agrave;m từ những hạt c&agrave; ph&ecirc; được chọn lọc kỹ c&agrave;ng từ v&ugrave;ng đất cao nguy&ecirc;n đất đỏ, với sự h&ograve;a quyện của hạt cafe Arabica v&agrave; Robusta đ&atilde; tạo n&ecirc;n hương vị độc đ&aacute;o, vị đắng v&agrave; chua được tiết chế, kh&ocirc;ng gắt v&agrave; kh&ocirc;ng ch&aacute;t, vẫn giữ trọn hương vị tự nhi&ecirc;n của c&agrave; ph&ecirc; rang mộc truyền thống.</p>\n<p><strong>TH&Ocirc;NG TIN SẢN PHẨM&nbsp;</strong><br>&ndash;&nbsp;Sản phẩm: C&Agrave; PH&Ecirc; RANG XAY NGUY&Ecirc;N CHẤT&nbsp;<br>&ndash;&nbsp;Thương hiệu: T&Acirc;Y NGUY&Ecirc;N FOOD - VIỆT NAM<br>&ndash;&nbsp;Đ&oacute;ng g&oacute;i &amp; chịu tr&aacute;ch nhiệm:&nbsp;<em class=\"Highlight\">C&ocirc;</em>ng ty TNHH XNK T&acirc;y Nguy&ecirc;n - G43 L&ecirc; Thị Ri&ecirc;ng &ndash; KDC Thới An, Phường Thới An, Q.12, TP. Hồ Ch&iacute; Minh.<br>&ndash;&nbsp;Th&agrave;nh phần: C&agrave; ph&ecirc; nguy&ecirc;n chất<br>&ndash;&nbsp;Hạn sử dụng: 12 th&aacute;ng kể từ ng&agrave;y sản xuất<br>&ndash;&nbsp;Xuất xứ: Việt Nam<br>&ndash;&nbsp;Hướng dẫn sử dụng: D&ugrave;ng trực tiếp<br>&ndash;&nbsp;Hướng dẫn bảo quản: Bảo quản tại nơi tho&aacute;ng m&aacute;t, kh&ocirc; r&aacute;o, điều kiện b&igrave;nh thường, tr&aacute;nh &aacute;nh s&aacute;ng trực tiếp.&nbsp;<em class=\"Highlight\">Sau&nbsp;</em>khi x&eacute; bao b&igrave; sản phẩm, n&ecirc;n đậy k&iacute;n sản phẩm hoặc bỏ v&agrave;o ngăn m&aacute;t tủ lạnh.<br>&ndash;&nbsp;Trọng lượng: 500g, 1kg</p>\n<p><strong>5&nbsp;<em class=\"Highlight\">C&Ocirc;</em>NG DỤNG CỦA C&Agrave; PH&Ecirc; NGUY&Ecirc;N CHẤT NH&Agrave; T&Acirc;Y NGUY&Ecirc;N FOOD - VIỆT NAM</strong><br>1. Cảm gi&aacute;c tỉnh t&aacute;o v&agrave; tăng năng lượng: C&agrave; ph&ecirc; chứa chất k&iacute;ch th&iacute;ch như caffeine gi&uacute;p l&agrave;m tăng sự tỉnh t&aacute;o, cảnh gi&aacute;c v&agrave; năng lượng. Việc uống c&agrave; ph&ecirc; c&oacute; thể gi&uacute;p bạn tỉnh t&aacute;o hơn v&agrave; tăng cường hiệu suất l&agrave;m việc.<br>2. Tăng cường tr&iacute; nhớ v&agrave; tập trung: Caffeine trong c&agrave; ph&ecirc; đ&atilde; được chứng minh l&agrave; c&oacute; t&aacute;c động t&iacute;ch cực đến tr&iacute; nhớ v&agrave; tập trung. N&oacute; c&oacute; thể gi&uacute;p bạn tỉnh t&aacute;o v&agrave; tăng cường khả năng tập trung trong&nbsp;<em class=\"Highlight\">c&ocirc;</em>ng việc v&agrave; học tập.<br>3. Chứa chất chống oxy h&oacute;a: C&agrave; ph&ecirc; nguy&ecirc;n chất c&oacute; chứa nhiều chất chống oxy h&oacute;a, như polyphenol v&agrave; flavonoid, c&oacute; thể gi&uacute;p bảo vệ cơ thể khỏi t&aacute;c động của c&aacute;c gốc tự do v&agrave; c&aacute;c t&aacute;c nh&acirc;n g&acirc;y hại.<br>4. T&aacute;c động đến sức khỏe cơ thể: Một số nghi&ecirc;n cứu cho thấy uống c&agrave; ph&ecirc; một c&aacute;ch c&oacute; mức độ c&oacute; thể c&oacute; lợi cho sức khỏe cơ thể.&nbsp;<br>5. Ngăn ngừa l&atilde;o h&oacute;a da<br>KH&Ocirc;NG CHẤT BẢO QUẢN, KH&Ocirc;NG CHẤT TẠO M&Agrave;U, KH&Ocirc;NG CHẤT PHỤ GIA</p>',_binary '','Cà Phê Rang Xay Nguyên Chất',250000,49,_binary '',199000,41,_binary '\0'),(119,'<p><strong><img src=\"https://bizweb.dktcdn.net/100/458/914/products/1-ac8e1cc7-f3bb-4169-b0fa-278a9e53a948.jpg?v=1735207836193\" data-thumb=\"original\"><img src=\"https://bizweb.dktcdn.net/100/458/914/products/4-1d7fdf38-f179-452f-a271-174ead968668.jpg?v=1735207842680\" data-thumb=\"original\"></strong><br><br>Từ nguồn nguy&ecirc;n liệu ch&iacute;nh l&agrave; gạo nguy&ecirc;n chất, gạo lứt v&agrave; rau củ quả tự nhi&ecirc;n, b&aacute;nh phồng rau củ v&agrave; b&aacute;nh phồng gạo lứt chắc chắn sẽ mang đến cho bạn những cảm x&uacute;c đặc biệt. Qua từng c&ocirc;ng đoạn, từ việc chọn lọc nguy&ecirc;n liệu tươi ngon đến việc tạo h&igrave;nh v&agrave; phơi kh&ocirc;, b&aacute;nh phồng mang lớp vỏ b&aacute;nh gi&ograve;n tan, thơm lừng m&ugrave;i gạo mới như mang theo cả t&acirc;m hồn của người l&agrave;m ra.<br>Đặc biệt b&aacute;nh phồng rau củ mang đậm bản chất của b&aacute;nh phồng t&ocirc;m truyền thống c&oacute; th&ecirc;m th&agrave;nh phần l&agrave; t&ocirc;m.<br><br><strong>TH&Ocirc;NG TIN SẢN PHẨM</strong><br>&ndash; Sản phẩm: B&Aacute;NH PHỒNG RAU CỦ&nbsp;<br>&ndash; Thương hiệu: T&Acirc;Y NGUY&Ecirc;N FOOD - VIỆT NAM<br>&ndash; Th&agrave;nh phần: T&ocirc;m, tinh bột khoai m&igrave;, m&agrave;u tự nhi&ecirc;n từ rau củ (gấc, ch&ugrave;m ng&acirc;y, đậu biếc,...).<br>&ndash; Hạn sử dụng: 12 th&aacute;ng kể từ ng&agrave;y sản xuất<br>&ndash; Xuất xứ: Việt Nam<br>&ndash; Quy c&aacute;ch đ&oacute;ng g&oacute;i: 200g, 400g<br>&ndash; Hướng dẫn sử dụng: Cho dầu v&agrave;o chảo rồi đun s&ocirc;i ở nhiệt độ 170 - 190 độ. Đợi khi dầu n&oacute;ng rồi bỏ b&aacute;nh phồng v&agrave;o. Khi b&aacute;nh phồng to, vớt b&aacute;nh ra rồi thưởng thức.<br>&ndash; Hướng dẫn bảo quản: Để nơi kh&ocirc; r&aacute;o, tho&aacute;ng m&aacute;t, tr&aacute;nh &aacute;nh nắng trực tiếp.<br><br><strong>TH&Ocirc;NG TIN SẢN PHẨM</strong><br>&ndash; Sản phẩm: B&Aacute;NH PHỒNG GẠO LỨT<br>&ndash; Thương hiệu: T&Acirc;Y NGUY&Ecirc;N FOOD - VIỆT NAM<br>&ndash; Th&agrave;nh phần: Tinh bột khoai m&igrave;, bột gạo lứt.<br>&ndash; Hạn sử dụng: 12 th&aacute;ng kể từ ng&agrave;y sản xuất<br>&ndash; Xuất xứ: Việt Nam<br>&ndash; Quy c&aacute;ch đ&oacute;ng g&oacute;i: 200g, 400g<br>&ndash; Hướng dẫn sử dụng: Cho dầu v&agrave;o chảo rồi đun s&ocirc;i ở nhiệt độ 170 - 190 độ. Đợi khi dầu n&oacute;ng rồi bỏ b&aacute;nh phồng v&agrave;o. Khi b&aacute;nh phồng to, vớt b&aacute;nh ra rồi thưởng thức.<br>&ndash; Hướng dẫn bảo quản: Để nơi kh&ocirc; r&aacute;o, tho&aacute;ng m&aacute;t, tr&aacute;nh &aacute;nh nắng trực tiếp.</p>',_binary '','Bánh Phồng',80000,200,_binary '',62000,40,_binary '\0'),(120,'<p><img src=\"https://bizweb.dktcdn.net/100/458/914/files/1-2x-e0fc2013-e65e-4cc6-a759-b175eccb7cb5.png?v=1718617897143\" data-thumb=\"original\"><img src=\"https://bizweb.dktcdn.net/100/458/914/files/2-2x-4b5ee6ef-7360-4d4d-9247-d0ab42b1d203.png?v=1718617898502\" data-thumb=\"original\"><img src=\"https://bizweb.dktcdn.net/100/458/914/files/3-2x-782d023e-f6da-4caf-9878-0ec625c78933.png?v=1718617900068\" data-thumb=\"original\"><img src=\"https://bizweb.dktcdn.net/100/458/914/files/5-2x-8f2df060-1715-4a66-b61b-2a3e36199dd9.png?v=1718617901504\" data-thumb=\"original\"><br><br><strong>M&Igrave; CHŨ GẠO LỨT &ndash; THỰC PHẨM PH&Ugrave; HỢP CHO CẢ GIA Đ&Igrave;NH</strong><br>M&igrave; Chũ gạo lứt l&agrave; một m&oacute;n ăn đặc sản đến từ v&ugrave;ng đất đồi Chũ (Lục Ngạn, Bắc Giang). Với những người đ&atilde; từng trải nghiệm, m&igrave; Chũ mang m&ugrave;i gạo lứt thoang thoảng, sợi m&igrave; khi nấu l&ecirc;n dai gi&ograve;n, cắn v&agrave;o cảm nhận được vị thơm tự nhi&ecirc;n của gạo lứt v&ugrave;ng Chũ. Để l&agrave;m ra những vắt m&igrave; Chũ, người nghệ nh&acirc;n phải trải qua nhiều quy tr&igrave;nh phức tạp, cho thấy được c&aacute;i t&acirc;m v&agrave; tr&igrave;nh độ kỹ thuật của người nghệ nh&acirc;n Việt Nam.<br>Tr&ecirc;n con đường mang văn h&oacute;a ẩm thực Việt Nam c&ugrave;ng xu hướng sống khỏe, T&acirc;y Nguy&ecirc;n Food - Việt Nam đem đến những vắt m&igrave; Chũ gạo lứt thơm l&agrave;nh tự nhi&ecirc;n, giữ vững sự dai ngon, ngọt b&ugrave;i th&iacute;ch hợp cho c&aacute;c m&oacute;n nước, x&agrave;o, lẩu.</p>\n<p><strong>TH&Ocirc;NG TIN SẢN PHẨM</strong><br>&ndash; Sản phẩm: M&Igrave; CHŨ GẠO LỨT<br>&ndash;&nbsp;Thương hiệu: T&Acirc;Y NGUY&Ecirc;N FOOD - VIỆT NAM<br>&ndash; Đ&oacute;ng g&oacute;i &amp; chịu tr&aacute;ch nhiệm: C&ocirc;ng ty TNHH XNK T&acirc;y Nguy&ecirc;n - G43 L&ecirc; Thị Ri&ecirc;ng &ndash; KDC Thới An, Phường Thới An, Q.12, TP. Hồ Ch&iacute; Minh.<br>&ndash; Th&agrave;nh phần: Gạo lứt<br>&ndash;&nbsp;Hạn sử dụng: 6 th&aacute;ng kể từ ng&agrave;y sản xuất<br>&ndash;&nbsp;Xuất xứ: Việt Nam<br>&ndash; Hướng dẫn sử dụng: Trụng m&igrave; qua nước s&ocirc;i từ 3-5 ph&uacute;t. D&ugrave;ng chế biến th&agrave;nh m&oacute;n ăn t&ugrave;y th&iacute;ch. Đối với m&igrave; x&agrave;o, ng&acirc;m m&igrave; trong nước lạnh từ 5-7 ph&uacute;t sau đ&oacute; d&ugrave;ng l&agrave;m nguy&ecirc;n liệu chế biến.<br>&ndash; Hướng dẫn bảo quản: Bảo quản tại nơi tho&aacute;ng m&aacute;t, kh&ocirc; r&aacute;o, điều kiện b&igrave;nh thường, tr&aacute;nh &aacute;nh s&aacute;ng trực tiếp. Sau khi x&eacute; bao b&igrave; sản phẩm, n&ecirc;n đậy k&iacute;n sản phẩm hoặc bỏ v&agrave;o ngăn m&aacute;t tủ lạnh.<br>&ndash;&nbsp;Trọng lượng: 1kg<br>&ndash;&nbsp;Calories: 109 kcal/100g</p>\n<p><strong>5 C&Ocirc;NG DỤNG CỦA M&Igrave; CHŨ GẠO LỨT NH&Agrave; T&Acirc;Y NGUY&Ecirc;N FOOD - VIỆT NAM</strong><br>1. Hỗ trợ kiểm so&aacute;t c&acirc;n nặng v&agrave; giữ d&aacute;ng hiệu quả<br>2. Thanh lọc cơ thể, hỗ trợ loại bỏ chất thải v&agrave; c&aacute;c hợp chất kh&ocirc;ng mong muốn kh&aacute;c<br>3. Cung cấp năng lượng v&agrave; tăng sức đề kh&aacute;ng<br>4. Hỗ trợ qu&aacute; tr&igrave;nh trao đổi chất<br>5. Bổ sung dưỡng chất v&agrave; nhiều chất kho&aacute;ng c&oacute; lợi cho cơ thể<br>KH&Ocirc;NG CHẤT BẢO QUẢN, KH&Ocirc;NG CHẤT TẠO M&Agrave;U, KH&Ocirc;NG CHẤT PHỤ GIA</p>',_binary '','Mì Chũ Gạo Lứt',150000,100,_binary '',108000,39,_binary '\0'),(121,'<p><img src=\"https://bizweb.dktcdn.net/100/458/914/files/1-2x-04116a25-101d-4576-9625-a77c692050ee.png?v=1715421715937\" data-thumb=\"original\"><img src=\"https://bizweb.dktcdn.net/100/458/914/files/2-2x-2de4e3d9-0a42-4709-b068-6b23d1354202.png?v=1713859564133\" data-thumb=\"original\"><img src=\"https://bizweb.dktcdn.net/100/458/914/files/3-2x-ad379fb1-1e9f-462c-a7cd-904fee2139a2.png?v=1713859565370\" data-thumb=\"original\"><img src=\"https://bizweb.dktcdn.net/100/458/914/files/5-2x.png?v=1713859567145\" data-thumb=\"original\"></p>\n<p><strong>M&igrave; CHŨ RAU CỦ&nbsp;</strong>&ndash;<strong>&nbsp;THỰC PHẨM PH&Ugrave; HỢP CHO CẢ GIA Đ&Igrave;NH</strong><br>M&igrave; Chũ rau củ l&agrave; một m&oacute;n ăn đặc sản đến từ v&ugrave;ng đất đồi Chũ (Lục Ngạn, Bắc Giang). Với những người đ&atilde; từng trải nghiệm, m&igrave; Chũ mang m&ugrave;i gạo bao thai hồng thoang thoảng, sợi m&igrave; khi nấu l&ecirc;n dai gi&ograve;n, cắn v&agrave;o cảm nhận được vị ngọt tự nhi&ecirc;n của gạo h&ograve;a quyện c&ugrave;ng vị thơm l&agrave;nh của rau củ v&ugrave;ng Chũ. Để l&agrave;m ra những vắt m&igrave; Chũ, người nghệ nh&acirc;n phải trải qua nhiều quy tr&igrave;nh phức tạp, cho thấy được c&aacute;i t&acirc;m v&agrave; tr&igrave;nh độ kỹ thuật của người nghệ nh&acirc;n Việt Nam.<br>Tr&ecirc;n con đường mang văn h&oacute;a ẩm thực Việt Nam c&ugrave;ng xu hướng sống khỏe, T&acirc;y Nguy&ecirc;n Food - Việt Nam đem đến những vắt m&igrave; Chũ rau củ đa dạng hương vị, ch&iacute;nh thống từ rau củ tự nhi&ecirc;n, giữ vững sự dai ngon, ngọt b&ugrave;i th&iacute;ch hợp cho c&aacute;c m&oacute;n nước, x&agrave;o, lẩu.</p>\n<p><strong>TH&Ocirc;NG TIN SẢN PHẨM</strong><br>&ndash;&nbsp;Sản phẩm: M&Igrave; CHŨ RAU CỦ<br>&ndash;&nbsp;Thương hiệu: T&Acirc;Y NGUY&Ecirc;N FOOD - VIỆT NAM<br>&ndash;&nbsp;Th&agrave;nh phần: Gạo nguy&ecirc;n chất, gạo lứt, rau củ (gấc, ch&ugrave;m ng&acirc;y, hoa đậu biếc, l&aacute; cẩm, khoai lang t&iacute;m...)<br>&ndash;&nbsp;Hạn sử dụng: 6 th&aacute;ng kể từ ng&agrave;y sản xuất<br>&ndash; Xuất xứ: Việt Nam<br>&ndash; Hướng dẫn sử dụng: Trụng m&igrave; qua nước s&ocirc;i từ 3-5 ph&uacute;t trước khi chế biến đối với c&aacute;c m&oacute;n nước. Đối với m&oacute;n chi&ecirc;n x&agrave;o, ng&acirc;m m&igrave; trong nước lạnh từ 5-7 ph&uacute;t trước khi chế biến.<br>&ndash; Hướng dẫn bảo quản: Bảo quản tại nơi tho&aacute;ng m&aacute;t, kh&ocirc; r&aacute;o, điều kiện b&igrave;nh thường, tr&aacute;nh &aacute;nh s&aacute;ng trực tiếp. Sau khi t&aacute;ch bao b&igrave; sản phẩm, n&ecirc;n đậy k&iacute;n sản phẩm hoặc bỏ v&agrave;o ngăn m&aacute;t tủ lạnh cho lần sử dụng tiếp theo.&nbsp;<br>&ndash; Trọng lượng: 600g, 1kg<br>&ndash; Calories: 109 kcal/100g<br><br>M&Igrave; CHŨ RAU CỦ 5 VỊ:&nbsp;<br>&ndash; Nguy&ecirc;n liệu: Khoai lang, ng&ocirc;, ch&ugrave;m ng&acirc;y, đậu biếc, gấc<br>M&Igrave; CHŨ RAU CỦ 8 VỊ:<br>&ndash; Nguy&ecirc;n liệu: Khoai lang, ng&ocirc;, ch&ugrave;m ng&acirc;y, đậu biếc, gấc, lứt đen, gạo nguy&ecirc;n chất, lứt huyết rồng<br>Lưu &yacute;: T&ugrave;y m&ugrave;a sẽ c&oacute; c&aacute;c loại rau củ kh&aacute;c nhau</p>\n<p><strong>5 C&Ocirc;NG&nbsp;DỤNG M&Igrave; CHŨ RAU CỦ NH&Agrave; T&Acirc;Y NGUY&Ecirc;N FOOD - VIỆT NAM</strong><br>1. Hỗ trợ kiểm so&aacute;t c&acirc;n nặng v&agrave; giữ d&aacute;ng hiệu quả<br>2. Thanh lọc cơ thể, hỗ trợ loại bỏ chất thải v&agrave; c&aacute;c hợp chất kh&ocirc;ng mong muốn kh&aacute;c<br>3. Cung cấp năng lượng v&agrave; tăng sức đề kh&aacute;ng<br>4. Hỗ trợ qu&aacute; tr&igrave;nh trao đổi chất<br>5. Bổ sung dưỡng chất v&agrave; nhiều chất kho&aacute;ng c&oacute; lợi cho cơ thể<br>KH&Ocirc;NG CHẤT BẢO QUẢN, KH&Ocirc;NG CHẤT TẠO M&Agrave;U, KH&Ocirc;NG CHẤT PHỤ GIA</p>',_binary '\0','Mì Chũ Rau Củ 5 & 8 Vị',135000,100,_binary '',108000,39,_binary '\0'),(122,'<p><img src=\"https://bizweb.dktcdn.net/100/458/914/files/1-2x-b15c4999-dce0-435f-bc6b-95ce5d700e50.png?v=1718617052586\" data-thumb=\"original\"><img src=\"https://bizweb.dktcdn.net/100/458/914/files/2-2x-89fe3834-aea0-47b5-90c9-1b77284f0c39.png?v=1718617053817\" data-thumb=\"original\"><img src=\"https://bizweb.dktcdn.net/100/458/914/files/3-2x-a08e5f75-9fe9-4ab4-9d03-2a88b8d09833.png?v=1718617054738\" data-thumb=\"original\"><img src=\"https://bizweb.dktcdn.net/100/458/914/files/5-2x-fc841a48-bdea-467c-9c45-2d094598ac01.png?v=1718617056416\" data-thumb=\"original\"></p>\n<p><strong>M&igrave; CHŨ RAU CỦ&nbsp;</strong>&ndash;<strong>&nbsp;THỰC PHẨM PH&Ugrave; HỢP CHO CẢ GIA Đ&Igrave;NH</strong><br>M&igrave; Chũ rau củ l&agrave; một m&oacute;n ăn đặc sản đến từ v&ugrave;ng đất đồi Chũ (Lục Ngạn, Bắc Giang). Với những người đ&atilde; từng trải nghiệm, m&igrave; Chũ mang m&ugrave;i gạo bao thai hồng thoang thoảng, sợi m&igrave; khi nấu l&ecirc;n dai gi&ograve;n, cắn v&agrave;o cảm nhận được vị ngọt tự nhi&ecirc;n của gạo h&ograve;a quyện c&ugrave;ng vị thơm l&agrave;nh của rau củ v&ugrave;ng Chũ. Để l&agrave;m ra những vắt m&igrave; Chũ, người nghệ nh&acirc;n phải trải qua nhiều quy tr&igrave;nh phức tạp, cho thấy được c&aacute;i t&acirc;m v&agrave; tr&igrave;nh độ kỹ thuật của người nghệ nh&acirc;n Việt Nam.<br>Tr&ecirc;n con đường mang văn h&oacute;a ẩm thực Việt Nam c&ugrave;ng xu hướng sống khỏe, T&acirc;y Nguy&ecirc;n Food - Việt Nam đem đến những vắt m&igrave; Chũ rau củ đa dạng hương vị, ch&iacute;nh thống từ rau củ tự nhi&ecirc;n, giữ vững sự dai ngon, ngọt b&ugrave;i th&iacute;ch hợp cho c&aacute;c m&oacute;n nước, x&agrave;o, lẩu.</p>\n<p><strong>TH&Ocirc;NG TIN SẢN PHẨM</strong><br>&ndash;&nbsp;Sản phẩm: M&Igrave; CHŨ RAU CỦ<br>&ndash;&nbsp;Thương hiệu: T&Acirc;Y NGUY&Ecirc;N FOOD - VIỆT NAM<br>&ndash;&nbsp;Th&agrave;nh phần: Gạo nguy&ecirc;n chất, gạo lứt, rau củ (gấc, ch&ugrave;m ng&acirc;y, hoa đậu biếc, l&aacute; cẩm, khoai lang t&iacute;m...)<br>&ndash;&nbsp;Hạn sử dụng: 6 th&aacute;ng kể từ ng&agrave;y sản xuất<br>&ndash; Xuất xứ: Việt Nam<br>&ndash; Hướng dẫn sử dụng: Trụng m&igrave; qua nước s&ocirc;i từ 3-5 ph&uacute;t trước khi chế biến đối với c&aacute;c m&oacute;n nước. Đối với m&oacute;n chi&ecirc;n x&agrave;o, ng&acirc;m m&igrave; trong nước lạnh từ 5-7 ph&uacute;t trước<em>&nbsp;</em>khi chế biến.<br>&ndash; Hướng dẫn bảo quản: Bảo quản tại nơi tho&aacute;ng m&aacute;t, kh&ocirc; r&aacute;o, điều kiện b&igrave;nh thường, tr&aacute;nh &aacute;nh s&aacute;ng trực tiếp. Sau<em>&nbsp;</em>khi t&aacute;ch bao b&igrave; sản phẩm, n&ecirc;n đậy k&iacute;n sản phẩm hoặc bỏ v&agrave;o ngăn m&aacute;t tủ lạnh cho lần sử dụng tiếp theo.&nbsp;<br>&ndash; Trọng lượng: 600g<br>&ndash; Calories: 109 kcal/100g<br><br>M&Igrave; CHŨ RAU CỦ 5 VỊ:&nbsp;<br>&ndash; Nguy&ecirc;n liệu: Khoai lang, ng&ocirc;, ch&ugrave;m ng&acirc;y, đậu biếc, gấc<br>M&Igrave; CHŨ RAU CỦ 8 VỊ:<br>&ndash; Nguy&ecirc;n liệu: Khoai lang, ng&ocirc;, ch&ugrave;m ng&acirc;y, đậu biếc, gấc, lứt đen, gạo nguy&ecirc;n chất, lứt huyết rồng<br>Lưu &yacute;: T&ugrave;y m&ugrave;a sẽ c&oacute; c&aacute;c loại rau củ kh&aacute;c nhau</p>\n<p><strong>5 C&Ocirc;NG DỤNG M&Igrave; CHŨ RAU CỦ NH&Agrave; T&Acirc;Y NGUY&Ecirc;N FOOD - VIỆT NAM</strong><br>1. Hỗ trợ kiểm so&aacute;t c&acirc;n nặng v&agrave; giữ d&aacute;ng hiệu quả<br>2. Thanh lọc cơ thể, hỗ trợ loại bỏ chất thải v&agrave; c&aacute;c hợp chất kh&ocirc;ng mong muốn kh&aacute;c<br>3. Cung cấp năng lượng v&agrave; tăng sức đề kh&aacute;ng<br>4. Hỗ trợ qu&aacute; tr&igrave;nh trao đổi chất<br>5. Bổ sung dưỡng chất v&agrave; nhiều chất kho&aacute;ng c&oacute; lợi cho cơ thể<br>KH&Ocirc;NG CHẤT BẢO QUẢN, KH&Ocirc;NG CHẤT TẠO M&Agrave;U, KH&Ocirc;NG CHẤT PHỤ GIA</p>',_binary '','Mì Chũ Rau Củ 5 Vị 600g',100000,100,_binary '',75000,39,_binary '\0'),(123,'<p><img src=\"https://bizweb.dktcdn.net/100/458/914/files/1-2x-13ec7403-57fd-4cac-bcf5-dd4205aeeb4d.png?v=1717061078660\"><img src=\"https://bizweb.dktcdn.net/100/458/914/files/2-2x-cfef1380-17b0-49ec-9b03-0b7e1ea5b99f.png?v=1717061082550\"><img src=\"https://bizweb.dktcdn.net/100/458/914/files/3-2x-4650f917-55d6-49f5-94ca-70fd6d25d276.png?v=1717061083867\"><img src=\"https://bizweb.dktcdn.net/100/458/914/files/5-2x-bca8bf09-3a4b-4381-8a73-b938734aa869.png?v=1717061086567\"></p>\n<p><strong>GẠO LỨT T&Iacute;M THAN S&Oacute;C TRĂNG - NGƯỜI BẠN ĐỒNG H&Agrave;NH TRONG CHẾ ĐỘ ĂN KI&Ecirc;NG</strong><br>Gạo lứt hay c&ograve;n gọi l&agrave; gạo tấm, gạo đồ, gạo x&agrave;o, ... l&agrave; loại gạo nguy&ecirc;n c&aacute;m, chỉ loại bỏ lớp vỏ cứng b&ecirc;n ngo&agrave;i, kh&ocirc;ng ăn được v&agrave; chứa ba th&agrave;nh phần: lớp c&aacute;m, mầm gạo. v&agrave; nội nhũ. Với c&aacute;c th&agrave;nh phần n&agrave;y, gạo lứt vẫn l&agrave; qu&aacute;n qu&acirc;n trong thực đơn eat clean của mọi nh&agrave;.<br>Lựa chọn S&oacute;c Trăng l&agrave; c&aacute;i n&ocirc;i của Gạo Lứt, T&acirc;y Nguy&ecirc;n Food - Việt Nam đ&atilde; d&agrave;y&nbsp;<em>c&ocirc;</em>ng t&igrave;m t&ograve;i v&agrave; sản xuất ra th&agrave;nh phẩm: Gạo Lứt T&iacute;m S&oacute;c Trăng với từng hạt gạo như những hạt ngọc nhỏ, m&agrave;u t&iacute;m than đẹp mắt, b&oacute;ng lo&aacute;ng v&agrave; tơi mềm&nbsp;<em>sau&nbsp;</em>khi nấu. Từng hạt gạo gi&ograve;n sực sực, dai v&agrave; c&oacute; hậu vị ngọt thanh, đ&aacute;p ứng c&aacute;c ti&ecirc;u ch&iacute; d&agrave;i - dẻo - thơm ngon. Khi ng&acirc;m v&agrave;o nước, m&agrave;u t&iacute;m tự nhi&ecirc;n của gạo sẽ lan ra, cho ta thấy sự tự nhi&ecirc;n ẩn s&acirc;u trong từng nắm gạo.</p>\n<p><strong>TH&Ocirc;NG TIN SẢN PHẨM</strong><br>- Sản phẩm: GẠO LỨT T&Iacute;M THAN S&Oacute;C TRĂNG<br>- Thương hiệu: T&Acirc;Y NGUY&Ecirc;N FOOD - VIỆT NAM<br>-&nbsp;Đ&oacute;ng g&oacute;i &amp; chịu tr&aacute;ch nhiệm:&nbsp;<em>C&ocirc;</em>ng ty TNHH XNK T&acirc;y Nguy&ecirc;n - G43 L&ecirc; Thị Ri&ecirc;ng &ndash; KDC Thới An, Phường Thới An, Q.12, TP. Hồ Ch&iacute; Minh.<br>- Th&agrave;nh phần: Gạo lứt t&iacute;m than S&oacute;c Trăng<br>- Hạn sử dụng: 6 th&aacute;ng kể từ ng&agrave;y sản xuất<br>- Xuất xứ: S&oacute;c Trăng, Việt Nam<br>- Hướng dẫn sử dụng: Vo sạch gạo, nấu cơm theo tỷ lệ 1 ch&eacute;n gạo tương đương&nbsp;1.5 - 1.7 ch&eacute;n&nbsp;nước (nấu bằng nồi cơm điện b&igrave;nh thường).<br>- Hướng dẫn bảo quản: Bảo quản tại nơi tho&aacute;ng m&aacute;t, kh&ocirc; r&aacute;o, điều kiện b&igrave;nh thường, tr&aacute;nh &aacute;nh s&aacute;ng trực tiếp.&nbsp;<em>Sau&nbsp;</em>khi x&eacute; bao b&igrave; sản phẩm, n&ecirc;n đậy k&iacute;n sản phẩm hoặc bỏ v&agrave;o ngăn m&aacute;t tủ lạnh.<br>- Trọng lượng: 1kg</p>\n<p><strong>TH&Ocirc;NG TIN DINH DƯỠNG C&Oacute; TRONG 100 GRAM GẠO LỨT T&Iacute;M THAN S&Oacute;C TRĂNG CỦA T&Acirc;Y NGUY&Ecirc;N FOOD - VIỆT NAM</strong><br>+ Calories: 125<br>+ Fat: 1.0<br>+ Carbs: 26<br>+ Protein: 2.9</p>\n<p><strong>5&nbsp;<em>C&Ocirc;</em>NG DỤNG CỦA GẠO LỨT T&Iacute;M THAN S&Oacute;C TRĂNG NH&Agrave; T&Acirc;Y NGUY&Ecirc;N FOOD - VIỆT NAM</strong><br>1: Hỗ trợ kiểm so&aacute;t c&acirc;n nặng v&agrave; giữ d&aacute;ng hiệu quả<br>2: Thanh lọc cơ thể, hỗ trợ loại bỏ chất thải v&agrave; c&aacute;c hợp chất kh&ocirc;ng mong muốn kh&aacute;c<br>3: Giảm cảm gi&aacute;c th&egrave;m ăn<br>4: Hỗ trợ qu&aacute; tr&igrave;nh trao đổi chất<br>5: Bổ sung dưỡng chất v&agrave; nhiều chất kho&aacute;ng c&oacute; lợi cho cơ thể<br>KH&Ocirc;NG CHẤT BẢO QUẢN, KH&Ocirc;NG CHẤT TẠO M&Agrave;U, KH&Ocirc;NG CHẤT PHỤ GIA</p>',_binary '\0','Gạo Lứt Tím Than Sóc Trăng',85000,100,_binary '',68000,38,_binary '\0'),(124,'<p><strong><img src=\"https://bizweb.dktcdn.net/100/458/914/files/1-2x-60aeb9b0-78b8-4d69-8273-0786a493ea6b.png?v=1717062991801\" data-thumb=\"original\"><img src=\"https://bizweb.dktcdn.net/100/458/914/files/2-2x-e2880530-2276-447d-93c1-9974c853fc16.png?v=1717062994898\" data-thumb=\"original\"><img src=\"https://bizweb.dktcdn.net/100/458/914/files/3-2x-0e5d47a7-4fc9-438a-aadd-4aeb250a74b6.png?v=1717062996970\" data-thumb=\"original\"><img src=\"https://bizweb.dktcdn.net/100/458/914/files/5-2x-9df014ef-7069-4474-90f9-2e72e8f785ab.png?v=1717063001195\" data-thumb=\"original\"><br>GẠO LỨT DẺO ĐIỆN BI&Ecirc;N - TINH HOA ẨM THỰC VIỆT</strong><br>Gạo lứt hay c&ograve;n gọi l&agrave; gạo tấm, gạo đồ, gạo x&agrave;o, ... l&agrave; loại gạo nguy&ecirc;n c&aacute;m, chỉ loại bỏ lớp vỏ cứng b&ecirc;n ngo&agrave;i kh&ocirc;ng ăn được v&agrave; chứa ba th&agrave;nh phần: lớp c&aacute;m, mầm gạo. v&agrave; nội nhũ. Với c&aacute;c th&agrave;nh phần n&agrave;y, gạo lứt vẫn l&agrave; qu&aacute;n qu&acirc;n trong thực đơn eat clean của mọi nh&agrave;.<br>Điện Bi&ecirc;n, xứ sở của những c&aacute;nh đồng m&ecirc;nh m&ocirc;ng v&agrave; c&aacute;c đồng l&uacute;a c&ocirc;ng nghiệp lớn, cũng l&agrave; nơi T&acirc;y Nguy&ecirc;n Food - Việt Nam chọn ra Gạo Lứt Dẻo Điện Bi&ecirc;n, với từng hạt gạo m&agrave;u n&acirc;u đỏ nhạt như gạch, từng hạt gạo chắc tay, b&oacute;ng lo&aacute;ng lấp l&aacute;nh. Sau khi nấu, ch&uacute;ng nở ra, c&oacute; vị ngọt nhẹ, dẻo mềm, gi&ograve;n dai. M&ugrave;i thơm của gạo sau nấu lan khắp ph&ograve;ng, đ&aacute;p ứng đủ c&aacute;c ti&ecirc;u ch&iacute; d&agrave;i - dẻo - thơm ngon.</p>\n<p><strong>TH&Ocirc;NG TIN SẢN PHẨM</strong><br>- Sản phẩm: GẠO LỨT DẺO ĐIỆN BI&Ecirc;N<br>- Thương hiệu: T&Acirc;Y NGUY&Ecirc;N FOOD - VIỆT NAM<br>- Đ&oacute;ng g&oacute;i &amp; chịu tr&aacute;ch nhiệm:&nbsp;<em class=\"Highlight\">C&ocirc;</em>ng ty TNHH XNK T&acirc;y Nguy&ecirc;n - G43 L&ecirc; Thị Ri&ecirc;ng &ndash; KDC Thới An, Phường Thới An, Q.12, TP. Hồ Ch&iacute; Minh.<br>- Th&agrave;nh phần: Gạo lứt dẻo Điện Bi&ecirc;n<br>- Hạn sử dụng: 6 th&aacute;ng kể từ ng&agrave;y sản xuất<br>- Xuất xứ: Điện Bi&ecirc;n<br>- Hướng dẫn sử dụng: - Hướng dẫn sử dụng: Vo sạch gạo, nấu cơm theo tỷ lệ 1.5-1.7 l&iacute;t nước. Nấu khoảng 60-90 ph&uacute;t.<br>- Hướng dẫn bảo quản: Bảo quản tại nơi tho&aacute;ng m&aacute;t, kh&ocirc; r&aacute;o, điều kiện b&igrave;nh thường, tr&aacute;nh &aacute;nh s&aacute;ng trực tiếp.&nbsp;<em class=\"Highlight\">Sau&nbsp;</em>khi x&eacute; bao b&igrave; sản phẩm, n&ecirc;n đậy k&iacute;n sản phẩm hoặc bỏ v&agrave;o ngăn m&aacute;t tủ lạnh.<br>- Trọng lượng: 1kg</p>\n<p><strong>TH&Ocirc;NG TIN DINH DƯỠNG C&Oacute; TRONG 100 GRAM GẠO LỨT DẺO ĐIỆN BI&Ecirc;N CỦA T&Acirc;Y NGUY&Ecirc;N FOOD - VIỆT NAM</strong><br>+ Calories: 125<br>+ Fat: 1<br>+ Carbs: 26<br>+ Protein: 2.9</p>\n<p><strong>5&nbsp;<em class=\"Highlight\">C&Ocirc;</em>NG DỤNG CỦA GẠO LỨT DẺO ĐIỆN BI&Ecirc;N NH&Agrave; T&Acirc;Y NGUY&Ecirc;N FOOD - VIỆT NAM</strong><br>1: Hỗ trợ kiểm so&aacute;t c&acirc;n nặng v&agrave; giữ d&aacute;ng hiệu quả<br>2: Thanh lọc cơ thể, hỗ trợ loại bỏ chất thải v&agrave; c&aacute;c hợp chất kh&ocirc;ng mong muốn kh&aacute;c<br>3: Giảm cảm gi&aacute;c th&egrave;m ăn<br>4: Hỗ trợ qu&aacute; tr&igrave;nh trao đổi chất<br>5: Bổ sung dưỡng chất v&agrave; nhiều chất kho&aacute;ng c&oacute; lợi cho cơ thể<br>KH&Ocirc;NG CHẤT BẢO QUẢN, KH&Ocirc;NG CHẤT TẠO M&Agrave;U, KH&Ocirc;NG CHẤT PHỤ GIA</p>',_binary '\0','Gạo Lứt Dẻo Điện Biên',85000,100,_binary '',68000,38,_binary '\0'),(125,'<p><img src=\"https://bizweb.dktcdn.net/100/458/914/files/1-2x-2c787557-d450-4bca-827b-57d563b527b6.png?v=1718618885771\" data-thumb=\"original\"><img src=\"https://bizweb.dktcdn.net/100/458/914/files/2-2x-a5b795f2-d347-421b-93a9-4273953067d8.png?v=1718618887180\" data-thumb=\"original\"><img src=\"https://bizweb.dktcdn.net/100/458/914/files/3-2x-34ff145a-7aee-4e61-8019-ab5cf8324673.png?v=1718618888569\" data-thumb=\"original\"><img src=\"https://bizweb.dktcdn.net/100/458/914/files/5-2x-c40c7c2a-83be-46ac-96bc-6995bb1d6593.png?v=1718618890266\" data-thumb=\"original\"></p>\n<p><strong>NUI D&Agrave;I&nbsp;RAU CỦ - SẢN PHẨM CỦA SỰ C&Aacute;CH T&Acirc;N DUY&Ecirc;N D&Aacute;NG</strong><br>Nui từ xưa đến nay, l&agrave; một m&oacute;n ăn truyền thống của mỗi gia đ&igrave;nh Việt. Kết hợp giữa truyền thống v&agrave; hiện đại, T&acirc;y Nguy&ecirc;n Food&nbsp;&ndash; Việt Nam mang đến Nui d&agrave;i rau củ với từng ống nui nho nhỏ l&agrave;m từ gạo nguy&ecirc;n chất v&agrave; chiết xuất rau củ, đem đến một bữa ăn sắc m&agrave;u v&agrave; dinh dưỡng. &nbsp;<br>Ng&acirc;m nước 20 ph&uacute;t, từng ống nui sẽ nở ra, mang theo m&agrave;u sắc tự nhi&ecirc;n của gạo. Nui dai, dẻo, gi&ograve;n, hậu vị c&oacute; ch&uacute;t ngọt, khi nấu l&ecirc;n sẽ b&oacute;ng lo&aacute;ng như những v&ograve;ng ngọc đầy m&agrave;u sắc. Thay v&igrave; d&ugrave;ng nui th&ocirc;ng thường, c&oacute; thể d&ugrave;ng nui d&agrave;i rau củ thay thế, vừa chế biến được nhiều m&oacute;n, t&ocirc; điểm cho trải nghiệm ăn uống, vừa hỗ trợ lối sống l&agrave;nh mạnh cho cả nh&agrave;.</p>\n<p><strong>TH&Ocirc;NG TIN SẢN PHẨM</strong><br>&ndash; Sản phẩm: NUI D&Agrave;I RAU CỦ<br>&ndash;&nbsp;Thương hiệu: T&Acirc;Y NGUY&Ecirc;N FOOD - VIỆT NAM<br>&ndash;&nbsp; Đ&oacute;ng g&oacute;i &amp; chịu tr&aacute;ch nhiệm: C&ocirc;ng ty TNHH XNK T&acirc;y Nguy&ecirc;n - G43 L&ecirc; Thị Ri&ecirc;ng &ndash; KDC Thới An, Phường Thới An, Q.12, TP. Hồ Ch&iacute; Minh.<br>&ndash;&nbsp;Th&agrave;nh phần: Gạo nguy&ecirc;n chất, rau củ (gấc, ch&ugrave;m ng&acirc;y, hoa đậu biếc, l&aacute; cẩm, khoai lang t&iacute;m,....)<br>&ndash;&nbsp;Hạn sử dụng: 12 th&aacute;ng kể từ ng&agrave;y sản xuất<br>&ndash;&nbsp;Xuất xứ: Sa Đ&eacute;c, Đồng Th&aacute;p, Việt Nam<br>&ndash; Hướng dẫn sử dụng: Ng&acirc;m qua với nước lạnh 25 - 30 ph&uacute;t. Đun s&ocirc;i nước bỏ v&agrave;o luộc 1-2 ph&uacute;t, sau đ&oacute; xả qua nước lạnh để r&aacute;o. D&ugrave;ng chế biến th&agrave;nh m&oacute;n ăn t&ugrave;y th&iacute;ch.<br>&ndash;&nbsp;Hướng dẫn bảo quản: Bảo quản tại nơi tho&aacute;ng m&aacute;t, kh&ocirc; r&aacute;o, điều kiện b&igrave;nh thường, tr&aacute;nh &aacute;nh s&aacute;ng trực tiếp. Sau khi x&eacute; bao b&igrave; sản phẩm, n&ecirc;n đậy k&iacute;n sản phẩm hoặc bỏ v&agrave;o ngăn m&aacute;t tủ lạnh.<br>&ndash;&nbsp;Trọng lượng: 500g, 1kg</p>\n<p><strong>TH&Ocirc;NG TIN DINH DƯỠNG C&Oacute; TRONG 100 GRAM</strong><br>+ Calories: 214<br>+ Fat: 8.<br>+ Carbs: 17.1<br>+ Protein: 17.1</p>\n<p><strong>5 C&Ocirc;NG DỤNG CỦA NUI D&Agrave;I&nbsp;RAU CỦ NH&Agrave; T&Acirc;Y NGUY&Ecirc;N FOOD - VIỆT NAM</strong><br>1. Hỗ trợ kiểm so&aacute;t c&acirc;n nặng v&agrave; giữ d&aacute;ng hiệu quả<br>2. Thanh lọc cơ thể, hỗ trợ loại bỏ chất thải v&agrave; c&aacute;c hợp chất kh&ocirc;ng mong muốn kh&aacute;c<br>3. Cung cấp năng lượng v&agrave; tăng sức đề kh&aacute;ng<br>4. Hỗ trợ qu&aacute; tr&igrave;nh trao đổi chất<br>5. Bổ sung nhiều kho&aacute;ng chất cho cho cơ thể<br>KH&Ocirc;NG CHẤT BẢO QUẢN, KH&Ocirc;NG CHẤT TẠO M&Agrave;U, KH&Ocirc;NG CHẤT PHỤ GIA</p>',_binary '\0','Nui Dài Rau Củ',130000,100,_binary '',105000,37,_binary '\0'),(126,'<p><img src=\"https://bizweb.dktcdn.net/100/458/914/files/1-2x-962eeee5-0995-44d6-ba2f-cb2f5a61535c.png?v=1718619769553\" data-thumb=\"original\"><img src=\"https://bizweb.dktcdn.net/100/458/914/files/2-2x-bd9d79cf-97c6-485f-90a7-4ee818736be3.png?v=1718619770514\" data-thumb=\"original\"><img src=\"https://bizweb.dktcdn.net/100/458/914/files/3-2x-8b2468aa-94f9-42b1-999d-352f49c03dda.png?v=1718619771854\" data-thumb=\"original\"><img src=\"https://bizweb.dktcdn.net/100/458/914/files/5-2x-ed3836ab-1cc2-494b-b1db-1848d97d3acb.png?v=1718619773322\" data-thumb=\"original\"></p>\n<p><strong>NUI ỐNG RAU CỦ &ndash;&nbsp;SẢN PHẨM CỦA SỰ C&Aacute;CH T&Acirc;N DUY&Ecirc;N D&Aacute;NG</strong><br>Nui từ xưa đến nay l&agrave; một m&oacute;n ăn truyền thống của mỗi gia đ&igrave;nh Việt. Kết hợp giữa truyền thống v&agrave; hiện đại, T&acirc;y Nguy&ecirc;n Food - Việt Nam mang đến Nui ống rau củ, với từng ống nui nho nhỏ l&agrave;m từ gạo nguy&ecirc;n chất v&agrave; chiết xuất rau củ, đem đến một bữa ăn sắc m&agrave;u v&agrave; dinh dưỡng. &nbsp;<br>Ng&acirc;m nước 20 ph&uacute;t, từng ống nui sẽ nở ra, mang theo m&agrave;u sắc tự nhi&ecirc;n của gạo. Nui dai, dẻo, gi&ograve;n, hậu vị c&oacute; ch&uacute;t ngọt, khi nấu l&ecirc;n sẽ b&oacute;ng lo&aacute;ng như những hạt ngọc nhỏ đầy m&agrave;u sắc. Thay v&igrave; d&ugrave;ng nui th&ocirc;ng thường c&oacute; thể d&ugrave;ng nui ống rau củ thay thế, vừa chế biến được nhiều m&oacute;n, t&ocirc; điểm cho trải nghiệm ăn uống, vừa hỗ trợ lối sống l&agrave;nh mạnh cho cả nh&agrave;.&nbsp;</p>\n<p><strong>TH&Ocirc;NG TIN SẢN PHẨM</strong><br>&ndash;&nbsp;Sản phẩm: NUI ỐNG RAU CỦ<br>&ndash;&nbsp;Thương hiệu: T&Acirc;Y NGUY&Ecirc;N FOOD - VIỆT NAM<br>&ndash;&nbsp;Đ&oacute;ng g&oacute;i &amp; chịu tr&aacute;ch nhiệm: C&ocirc;ng ty TNHH XNK T&acirc;y Nguy&ecirc;n - G43 L&ecirc; Thị Ri&ecirc;ng &ndash; KDC Thới An, Phường Thới An, Q.12, TP. Hồ Ch&iacute; Minh.<br>&ndash;&nbsp;Th&agrave;nh phần: Gạo nguy&ecirc;n chất, rau củ (gấc, ch&ugrave;m ng&acirc;y, hoa đậu biếc, l&aacute; cẩm, khoai lang t&iacute;m,...)<br>&ndash;&nbsp;Hạn sử dụng: 12 th&aacute;ng kể từ ng&agrave;y sản xuất<br>&ndash;&nbsp;Xuất xứ: Cao Bằng, Việt Nam<br>&ndash;&nbsp;Hướng dẫn sử dụng: Ng&acirc;m qua với nước lạnh 25 - 30 ph&uacute;t. Đun s&ocirc;i nước bỏ v&agrave;o luộc 1-2 ph&uacute;t, sau đ&oacute; xả qua nước lạnh để r&aacute;o. D&ugrave;ng chế biến th&agrave;nh m&oacute;n ăn t&ugrave;y th&iacute;ch.<br>&ndash;&nbsp;Hướng dẫn bảo quản: Bảo quản tại nơi tho&aacute;ng m&aacute;t, kh&ocirc; r&aacute;o, điều kiện b&igrave;nh thường, tr&aacute;nh &aacute;nh s&aacute;ng trực tiếp. Sau khi x&eacute; bao b&igrave; sản phẩm, n&ecirc;n đậy k&iacute;n sản phẩm hoặc bỏ v&agrave;o ngăn m&aacute;t tủ lạnh.<br>&ndash;&nbsp;Trọng lượng: 500g, 1kg</p>\n<p><strong>TH&Ocirc;NG TIN DINH DƯỠNG C&Oacute; TRONG 100 GRAM</strong><br>+ Calories: 214<br>+ Fat: 8.6<br>+ Carbs: 17.1<br>+ Protein: 17.1</p>\n<p><strong>5 C&Ocirc;NG DỤNG CỦA NUI ỐNG RAU CỦ&nbsp;NH&Agrave; T&Acirc;Y NGUY&Ecirc;N FOOD - VIỆT NAM</strong><br>1. Hỗ trợ kiểm so&aacute;t c&acirc;n nặng v&agrave; giữ d&aacute;ng hiệu quả<br>2. Thanh lọc cơ thể, hỗ trợ loại bỏ chất thải v&agrave; c&aacute;c hợp chất kh&ocirc;ng mong muốn kh&aacute;c<br>3. Cung cấp năng lượng v&agrave; tăng sức đề kh&aacute;ng<br>4. Hỗ trợ qu&aacute; tr&igrave;nh trao đổi chất<br>5. Bổ sung nhiều kho&aacute;ng chất cho cho cơ thể<br>KH&Ocirc;NG CHẤT BẢO QUẢN, KH&Ocirc;NG CHẤT TẠO M&Agrave;U, KH&Ocirc;NG CHẤT PHỤ GIA</p>',_binary '','Nui Ống Rau Củ',130000,100,_binary '',105000,37,_binary '\0'),(127,'<p><img src=\"https://bizweb.dktcdn.net/100/458/914/files/1-2x-c886accd-fab5-4e3d-9dbf-4c5b4e20525b.png?v=1718675538462\" data-thumb=\"original\"><img src=\"https://bizweb.dktcdn.net/100/458/914/files/2-2x-1a5d22e4-63ff-400d-a00d-66c108cb5691.png?v=1718675540040\" data-thumb=\"original\"><img src=\"https://bizweb.dktcdn.net/100/458/914/files/3-2x-d85360f0-19e4-4aa3-b50a-afae16f1cab5.png?v=1718675537126\" data-thumb=\"original\"><img src=\"https://bizweb.dktcdn.net/100/458/914/files/5-2x-7de3b0af-3b15-4494-a66f-0912d0ec857e.png?v=1718675541678\" data-thumb=\"original\"></p>\n<p><strong>NUI ỐNG GẠO LỨT - SẢN PHẨM CỦA SỰ C&Aacute;CH T&Acirc;N DUY&Ecirc;N D&Aacute;NG</strong><br>Nui từ xưa đến nay l&agrave; một m&oacute;n ăn truyền thống của mỗi gia đ&igrave;nh Việt. Kết hợp giữa truyền thống v&agrave; hiện đại, T&acirc;y Nguy&ecirc;n Food - Việt Nam mang đến Nui ống gạo lứt, với từng ống nui nho nhỏ l&agrave;m từ gạo lứt, một loại gạo chứa nhiều c&aacute;c th&agrave;nh phần l&agrave; &ldquo;qu&aacute;n qu&acirc;n&rdquo; trong thực đơn eat clean của mọi nh&agrave;.&nbsp;<br>Ng&acirc;m nước 20 ph&uacute;t, từng ống nui sẽ nở ra, mang theo m&agrave;u sắc tự nhi&ecirc;n của gạo. Nui dai, dẻo, gi&ograve;n, hậu vị c&oacute; ch&uacute;t ngọt, khi nấu l&ecirc;n sẽ b&oacute;ng lo&aacute;ng như v&ograve;ng ngọc. Thay v&igrave; d&ugrave;ng nui th&ocirc;ng thường, c&oacute; thể d&ugrave;ng nui ống gạo lứt thay thế, vừa chế biến được nhiều m&oacute;n, vừa hỗ trợ lối sống l&agrave;nh mạnh cho cả nh&agrave;.&nbsp;</p>\n<p><strong>TH&Ocirc;NG TIN SẢN PHẨM</strong><br>&ndash;&nbsp;Sản phẩm: NUI ỐNG GẠO LỨT<br>&ndash;&nbsp;Thương hiệu: T&Acirc;Y NGUY&Ecirc;N FOOD - VIỆT NAM<br>&ndash; Đ&oacute;ng g&oacute;i &amp; chịu tr&aacute;ch nhiệm: C&ocirc;ng ty TNHH XNK T&acirc;y Nguy&ecirc;n - G43 L&ecirc; Thị Ri&ecirc;ng &ndash; KDC Thới An, Phường Thới An, Q.12, TP. Hồ Ch&iacute; Minh.<br>&ndash;&nbsp;Th&agrave;nh phần: Gạo lứt huyết rồng<br>&ndash; Hạn sử dụng: 12 th&aacute;ng kể từ ng&agrave;y sản xuất<br>&ndash;&nbsp;Xuất xứ: Sa Đ&eacute;c, Đồng Th&aacute;p, Việt Nam<br>&ndash;&nbsp;Hướng dẫn sử dụng: Ng&acirc;m qua với nước lạnh 25 - 30 ph&uacute;t. Đun s&ocirc;i nước bỏ v&agrave;o luộc 1-2 ph&uacute;t, sau đ&oacute; xả qua nước lạnh để r&aacute;o. D&ugrave;ng chế biến th&agrave;nh m&oacute;n ăn t&ugrave;y th&iacute;ch.<br>&ndash;&nbsp;Hướng dẫn bảo quản: Bảo quản tại nơi tho&aacute;ng m&aacute;t, kh&ocirc; r&aacute;o, điều kiện b&igrave;nh thường, tr&aacute;nh &aacute;nh s&aacute;ng trực tiếp. Sau khi x&eacute; bao b&igrave; sản phẩm, n&ecirc;n đậy k&iacute;n sản phẩm hoặc bỏ v&agrave;o ngăn m&aacute;t tủ lạnh.<br>&ndash;&nbsp;Trọng lượng: 500g, 1kg</p>\n<p><strong>TH&Ocirc;NG TIN DINH DƯỠNG C&Oacute; TRONG 100 GRAM</strong><br>+ Calories: 214<br>+ Fat: 8.6<br>+ Carbs: 48.4<br>+ Protein: 2.8</p>\n<p><strong>5 C&Ocirc;NG DỤNG&nbsp;CỦA NUI GẠO LỨT NH&Agrave; T&Acirc;Y NGUY&Ecirc;N FOOD - VIỆT NAM</strong><br>1. Hỗ trợ kiểm so&aacute;t c&acirc;n nặng v&agrave; giữ d&aacute;ng hiệu quả<br>2. Thanh lọc cơ thể, hỗ trợ loại bỏ chất thải v&agrave; c&aacute;c hợp chất kh&ocirc;ng mong muốn kh&aacute;c<br>3. Giảm cảm gi&aacute;c th&egrave;m ăn<br>4. Hỗ trợ qu&aacute; tr&igrave;nh trao đổi chất<br>5. Bổ sung dưỡng chất v&agrave; nhiều chất kho&aacute;ng c&oacute; lợi cho cơ thể<br>KH&Ocirc;NG CHẤT BẢO QUẢN, KH&Ocirc;NG CHẤT TẠO M&Agrave;U, KH&Ocirc;NG CHẤT PHỤ GIA</p>',_binary '','Nui Ống Gạo Lứt',130000,100,_binary '',105000,37,_binary '\0'),(128,'<p><img src=\"https://bizweb.dktcdn.net/100/458/914/files/banh-trang-rau-cu.jpg?v=1689738591340\" data-thumb=\"original\"><img src=\"https://bizweb.dktcdn.net/100/458/914/files/banh-trang-rau-cu-2.jpg?v=1689738590330\" data-thumb=\"original\"><img src=\"https://bizweb.dktcdn.net/100/458/914/files/banh-trang-rau-cu-2f7bca1b-52c8-4159-af03-efeb15eb7d6c.png?v=1696844773974\" data-thumb=\"original\"><img src=\"https://bizweb.dktcdn.net/100/458/914/files/banh-trang-rau-cu-5200237c-8305-499c-8833-ee2d3d31e26f.jpg?v=1689738747343\" data-thumb=\"original\"></p>\n<p><strong>B&Aacute;NH TR&Aacute;NG RAU CỦ - DẤU ẤN CHO C&Aacute;C M&Oacute;N CUỐN ĐẤT VIỆT</strong><br>B&aacute;nh tr&aacute;ng l&agrave; nguy&ecirc;n liệu kh&ocirc;ng thể thiếu trong nền ẩm thực Việt Nam. Mỗi nơi sẽ biến tấu b&aacute;nh tr&aacute;ng theo một c&aacute;ch kh&aacute;c nhau. Nhưng d&ugrave; c&oacute; thế n&agrave;o th&igrave; vị tinh t&uacute;y của b&aacute;nh tr&aacute;ng vẫn kh&ocirc;ng thể n&agrave;o thay đổi được.&nbsp;<br>B&aacute;nh tr&aacute;ng rau củ nh&agrave; T&acirc;y Nguy&ecirc;n Food - Việt Nam ra đời với sứ mệnh mang tới những bữa ăn l&agrave;nh mạnh đa dạng, chất lượng, ngon miệng, healthy - ph&ugrave; hợp với tất cả chế độ ăn - ăn chay, ăn mặn.</p>\n<p><strong>TH&Ocirc;NG TIN SẢN PHẨM&nbsp;</strong><br>- Sản phẩm: B&Aacute;NH TR&Aacute;NG RAU CỦ<br>- Thương hiệu: T&Acirc;Y NGUY&Ecirc;N FOOD - VIỆT NAM<br>-&nbsp;Đ&oacute;ng g&oacute;i &amp; chịu tr&aacute;ch nhiệm: C&ocirc;ng ty TNHH XNK T&acirc;y Nguy&ecirc;n - G43 L&ecirc; Thị Ri&ecirc;ng &ndash; KDC Thới An, Phường Thới An, Q.12, TP. Hồ Ch&iacute; Minh.<br>- Th&agrave;nh phần: Gạo nguy&ecirc;n chất, ng&ocirc;, củ dền, gấc, đậu biếc ...<br>- Hạn sử dụng: 12 th&aacute;ng kể từ ng&agrave;y sản xuất<br>- Xuất xứ: Việt Nam<br>- Hướng dẫn sử dụng: D&ugrave;ng trực tiếp hoặc d&ugrave;ng l&agrave;m nguy&ecirc;n liệu nấu ăn.<br>- Hướng dẫn bảo quản: Bảo quản tại nơi tho&aacute;ng m&aacute;t, kh&ocirc; r&aacute;o, điều kiện b&igrave;nh thường, tr&aacute;nh &aacute;nh s&aacute;ng trực tiếp. Sau khi x&eacute; bao b&igrave; sản phẩm, n&ecirc;n đậy k&iacute;n sản phẩm hoặc bỏ v&agrave;o ngăn m&aacute;t tủ lạnh.<br>- Trọng lượng: 500g, 1kg<br>- Gi&aacute; trị dinh dưỡng: 20 kcal/ miếng</p>\n<p><strong>5 C&Ocirc;NG DỤNG CỦA B&Aacute;NH TR&Aacute;NG RAU CỦ NH&Agrave; T&Acirc;Y NGUY&Ecirc;N FOOD - VIỆT NAM</strong><br>1: Hỗ trợ kiểm so&aacute;t c&acirc;n nặng v&agrave; giữ d&aacute;ng hiệu quả<br>2: Thanh lọc cơ thể, hỗ trợ loại bỏ chất thải v&agrave; c&aacute;c hợp chất kh&ocirc;ng mong muốn kh&aacute;c<br>3: Giảm cảm gi&aacute;c th&egrave;m ăn<br>4: Hỗ trợ qu&aacute; tr&igrave;nh trao đổi chất<br>5: Bổ sung nhiều kho&aacute;ng chất cho cho cơ thể<br>KH&Ocirc;NG CHẤT BẢO QUẢN, KH&Ocirc;NG CHẤT TẠO M&Agrave;U, KH&Ocirc;NG CHẤT PHỤ GIA</p>',_binary '','Bánh Tráng Rau Củ',160000,100,_binary '',129000,36,_binary '\0'),(129,'<p><img src=\"https://bizweb.dktcdn.net/100/458/914/files/banh-trang-gao-lut.jpg?v=1689738878597\" data-thumb=\"original\"><img src=\"https://bizweb.dktcdn.net/100/458/914/files/banh-trang-gao-lut-2.jpg?v=1689738877817\" data-thumb=\"original\"><img src=\"https://bizweb.dktcdn.net/100/458/914/files/banh-trang-gao-lut-2637b9b8-1bfe-44a8-95b5-6c83a886dc73.jpg?v=1696845002441\" data-thumb=\"original\"><img src=\"https://bizweb.dktcdn.net/100/458/914/files/banh-trang-gao-lut-4.jpg?v=1689738875487\" data-thumb=\"original\"><strong>B&Aacute;NH TR&Aacute;NG GẠO LỨT - LINH HỒN CHO C&Aacute;C M&Oacute;N CUỐN ĐẤT VIỆT</strong><br>B&aacute;nh tr&aacute;ng gạo lứt l&agrave; loại b&aacute;nh được l&agrave;m từ bột gạo lứt, tinh bột sắn được tr&aacute;ng mỏng v&agrave; phơi kh&ocirc;. B&aacute;nh c&oacute; m&agrave;u n&acirc;u nhạt (gần như m&agrave;u be n&acirc;u), độ d&agrave;y vừa phải, dai v&agrave; dễ cuốn.&nbsp;<br>B&aacute;nh được l&agrave;m từ gạo lứt - loại tinh bột chuyển h&oacute;a chậm, tạo cảm gi&aacute;c no l&acirc;u gi&uacute;p hỗ trợ bạn kiểm so&aacute;t c&acirc;n nặng một c&aacute;ch hiệu quả.&nbsp;</p>\n<p><strong>TH&Ocirc;NG TIN SẢN PHẨM&nbsp;</strong><br>- Sản phẩm: B&Aacute;NH TR&Aacute;NG GẠO LỨT<br>- Thương hiệu: T&Acirc;Y NGUY&Ecirc;N FOOD - VIỆT NAM<br>-&nbsp;Đ&oacute;ng g&oacute;i &amp; chịu tr&aacute;ch nhiệm: C&ocirc;ng ty TNHH XNK T&acirc;y Nguy&ecirc;n - G43 L&ecirc; Thị Ri&ecirc;ng &ndash; KDC Thới An, Phường Thới An, Q.12, TP. Hồ Ch&iacute; Minh.<br>- Th&agrave;nh phần: Gạo lứt nguy&ecirc;n chất, nước tinh khiết, muối<br>- Hạn sử dụng: 12 th&aacute;ng kể từ ng&agrave;y sản xuất<br>- Xuất xứ: Việt Nam<br>- Hướng dẫn sử dụng: D&ugrave;ng trực tiếp hoặc d&ugrave;ng l&agrave;m nguy&ecirc;n liệu nấu ăn.<br>- Hướng dẫn bảo quản: Bảo quản tại nơi tho&aacute;ng m&aacute;t, kh&ocirc; r&aacute;o, điều kiện b&igrave;nh thường, tr&aacute;nh &aacute;nh s&aacute;ng trực tiếp. Sau khi x&eacute; bao b&igrave; sản phẩm, n&ecirc;n đậy k&iacute;n sản phẩm hoặc bỏ v&agrave;o ngăn m&aacute;t tủ lạnh.<br>- Trọng lượng: 500g, 1kg<br>- Khối lượng: 16g/miếng<br>- Gi&aacute; trị dinh dưỡng: 20 kcal/ miếng</p>\n<p><strong>5 C&Ocirc;NG DỤNG CỦA B&Aacute;NH TR&Aacute;NG GẠO LỨT NH&Agrave; T&Acirc;Y NGUY&Ecirc;N FOOD - VIỆT NAM</strong><br>1: Hỗ trợ kiểm so&aacute;t c&acirc;n nặng v&agrave; giữ d&aacute;ng hiệu quả<br>2: Thanh lọc cơ thể, hỗ trợ loại bỏ chất thải v&agrave; c&aacute;c hợp chất kh&ocirc;ng mong muốn kh&aacute;c<br>3: Giảm cảm gi&aacute;c th&egrave;m ăn<br>4: Hỗ trợ qu&aacute; tr&igrave;nh trao đổi chất<br>5: Bổ sung nhiều kho&aacute;ng chất cho cho cơ thể<br>KH&Ocirc;NG CHẤT BẢO QUẢN, KH&Ocirc;NG CHẤT TẠO M&Agrave;U, KH&Ocirc;NG CHẤT PHỤ GIA</p>',_binary '','Bánh Tráng Gạo Lứt',160000,100,_binary '',129000,36,_binary '\0'),(130,'<p><img src=\"https://bizweb.dktcdn.net/100/458/914/files/1-2x-5a85c1cb-b129-4bd8-999f-0db790062189.png?v=1715422178680\" data-thumb=\"original\"><img src=\"https://bizweb.dktcdn.net/100/458/914/files/2-2x-sao-chep.png?v=1715422180107\" data-thumb=\"original\"><img src=\"https://bizweb.dktcdn.net/100/458/914/files/3-2x-863cfea6-3525-42fd-9fa8-bd5b6102acd6.png?v=1715422182582\" data-thumb=\"original\"><img src=\"https://bizweb.dktcdn.net/100/458/914/files/ss-2x-00f280f9-f063-496c-8c1e-41b22ed9a46f.png?v=1715422184091\" data-thumb=\"original\"></p>\n<p><strong>B&Aacute;NH CANH RAU CỦ&nbsp;</strong>&ndash;<strong>&nbsp;LỰA CHỌN TỐT CHO CHẾ ĐỘ ĂN L&Agrave;NH MẠNH V&Agrave; C&Acirc;N BẰNG</strong><br>Gọi l&agrave; b&aacute;nh canh rau củ v&igrave; sợi b&aacute;nh canh được l&agrave;m từ gạo nguy&ecirc;n chất v&agrave; c&aacute;c loại rau củ, một phần được l&ograve;ng c&aacute;c b&eacute; v&agrave; c&aacute;c mẹ v&igrave; sợi b&aacute;nh canh nhiều m&agrave;u sắc. D&ugrave; hương vị b&aacute;nh canh rau củ kh&ocirc;ng qu&aacute; đỗi xa lạ nhưng mấy ai c&oacute; thể tưởng tượng được sợi b&aacute;nh canh dai dai tr&ograve;n tr&ograve;n, sẽ đặc biệt cuốn hơn khi ăn một t&ocirc; b&aacute;nh canh n&oacute;ng hổi v&igrave; ăn đến đ&acirc;u l&agrave; tan mềm trong miệng đến đ&oacute;.&nbsp;<br>T&acirc;y Nguy&ecirc;n Food &ndash; Việt Nam, với c&aacute;i t&acirc;m của người con đất Việt, mong muốn g&oacute;p phần n&acirc;ng cao gi&aacute; trị cho những sản phẩm n&ocirc;ng sản qu&ecirc; hương. Mong rằng những m&oacute;n ăn \"l&agrave;nh\" như B&aacute;nh canh rau củ sẽ trở th&agrave;nh những m&oacute;n ăn th&acirc;n thuộc trong gian bếp của mỗi gia đ&igrave;nh Việt.</p>\n<p><strong>TH&Ocirc;NG TIN SẢN PHẨM</strong><br>&ndash;&nbsp;Sản phẩm: B&Aacute;NH CANH RAU CỦ<br>&ndash;&nbsp;Thương hiệu: T&Acirc;Y NGUY&Ecirc;N FOOD - VIỆT NAM<br>&ndash; Th&agrave;nh phần: Gạo nguy&ecirc;n chất, rau củ (gấc, ch&ugrave;m ng&acirc;y, hoa đậu biếc, l&aacute; cẩm, khoai lang t&iacute;m,....<br>&ndash; Hạn sử dụng: 12 th&aacute;ng kể từ ng&agrave;y sản xuất<br>&ndash; Xuất xứ: Sa Đ&eacute;c, Đồng Th&aacute;p, Việt Nam<br>&ndash; Hướng dẫn sử dụng: Ng&acirc;m qua với nước lạnh 25 - 30 ph&uacute;t. Đun s&ocirc;i nước bỏ v&agrave;o luộc 1-2 ph&uacute;t, sau đ&oacute; xả qua nước lạnh để r&aacute;o. D&ugrave;ng chế biến th&agrave;nh m&oacute;n ăn t&ugrave;y th&iacute;ch.<br>&ndash; Hướng dẫn bảo quản: Bảo quản tại nơi tho&aacute;ng m&aacute;t, kh&ocirc; r&aacute;o, điều kiện b&igrave;nh thường, tr&aacute;nh &aacute;nh s&aacute;ng trực tiếp. Sau khi x&eacute; bao b&igrave; sản phẩm, n&ecirc;n đậy k&iacute;n sản phẩm hoặc bỏ v&agrave;o ngăn m&aacute;t tủ lạnh.<br>&ndash; Trọng lượng: 500g, 1kg</p>\n<p><strong>TH&Ocirc;NG TIN DINH DƯỠNG C&Oacute; TRONG 100 GRAM B&Aacute;NH CANH RAU CỦ&nbsp;NH&Agrave; T&Acirc;Y NGUY&Ecirc;N FOOD - VIỆT NAM</strong><br>+ Calories: 214<br>+ Fat: 1<br>+ Carbs: 48.4<br>+ Protein: 2.8</p>',_binary '','Bánh Canh Rau Củ',150000,100,_binary '',119000,35,_binary '\0'),(131,'<p><img src=\"https://bizweb.dktcdn.net/100/458/914/files/1-2x-41a2b420-bc20-4992-8483-8ba1eb9696cc.png?v=1715422621967\" data-thumb=\"original\"><img src=\"https://bizweb.dktcdn.net/100/458/914/files/2-2x-c7457336-ef2e-4a30-92c1-e4ee23088e1b.png?v=1715422620659\" data-thumb=\"original\"><img src=\"https://bizweb.dktcdn.net/100/458/914/files/3-2x-82041ff6-5aca-46db-b511-c1bd8fb941c9.png?v=1715422623269\" data-thumb=\"original\"><img src=\"https://bizweb.dktcdn.net/100/458/914/files/ss-2x-8170bcc3-9f55-4886-98fa-cd094a4ef12a.png?v=1715422624627\" data-thumb=\"original\"></p>\n<p><strong>B&Aacute;NH CANH GẠO LỨT &ndash; LỰA CHỌN TỐT CHO CHẾ ĐỘ ĂN L&Agrave;NH MẠNH V&Agrave; C&Acirc;N BẰNG</strong><br>Gọi l&agrave; b&aacute;nh canh gạo lứt v&igrave; sợi b&aacute;nh canh được l&agrave;m từ gạo lứt huyết rồng nguy&ecirc;n chất. D&ugrave; hương vị b&aacute;nh canh gạo lứt kh&ocirc;ng qu&aacute; đỗi xa lạ nhưng mấy ai c&oacute; thể tưởng tượng được sợi b&aacute;nh canh dai dai tr&ograve;n tr&ograve;n, sẽ đặc biệt cuốn hơn khi ăn một t&ocirc; b&aacute;nh canh n&oacute;ng hổi v&igrave; ăn đến đ&acirc;u l&agrave; tan mềm trong miệng đến đ&oacute;.&nbsp;<br>T&acirc;y Nguy&ecirc;n Food &ndash; Việt Nam, với c&aacute;i t&acirc;m của người con đất Việt, mong muốn g&oacute;p phần n&acirc;ng cao gi&aacute; trị cho những sản phẩm n&ocirc;ng sản qu&ecirc; hương. Mong rằng những m&oacute;n ăn \"l&agrave;nh\" như B&aacute;nh canh gạo lứt sẽ trở th&agrave;nh những m&oacute;n ăn th&acirc;n thuộc trong gian bếp của mỗi gia đ&igrave;nh Việt.</p>\n<p><strong>TH&Ocirc;NG TIN SẢN PHẨM</strong><br>&ndash;&nbsp;Sản phẩm: B&Aacute;NH CANH GẠO LỨT<br>&ndash;&nbsp;Thương hiệu: T&Acirc;Y NGUY&Ecirc;N FOOD - VIỆT NAM<br>&ndash; Th&agrave;nh phần: Gạo lứt huyết rồng<br>&ndash; Hạn sử dụng: 12 th&aacute;ng kể từ ng&agrave;y sản xuất<br>&ndash; Xuất xứ: Sa Đ&eacute;c, Đồng Th&aacute;p, Việt Nam<br>&ndash; Hướng dẫn sử dụng: Ng&acirc;m qua với nước lạnh 25 - 30 ph&uacute;t. Đun s&ocirc;i nước bỏ v&agrave;o luộc 1-2 ph&uacute;t, sau đ&oacute; xả qua nước lạnh để r&aacute;o. D&ugrave;ng chế biến th&agrave;nh m&oacute;n ăn t&ugrave;y th&iacute;ch.<br>&ndash;&nbsp;Hướng dẫn bảo quản: Bảo quản tại nơi tho&aacute;ng m&aacute;t, kh&ocirc; r&aacute;o, điều kiện b&igrave;nh thường, tr&aacute;nh &aacute;nh s&aacute;ng trực tiếp. Sau khi x&eacute; bao b&igrave; sản phẩm, n&ecirc;n đậy k&iacute;n sản phẩm hoặc bỏ v&agrave;o ngăn m&aacute;t tủ lạnh.<br>&ndash;&nbsp;Trọng lượng: 500g, 1kg</p>\n<p><strong>TH&Ocirc;NG TIN DINH DƯỠNG C&Oacute; TRONG 100 GRAM B&Aacute;NH CANH GẠO LỨT NH&Agrave; T&Acirc;Y NGUY&Ecirc;N FOOD - VIỆT NAM</strong><br>+ Calories: 214<br>+ Fat: 1<br>+ Carbs: 48.4<br>+ Protein: 2.8</p>',_binary '','Bánh Canh Gạo Lứt',150000,99,_binary '',119000,35,_binary '\0');
/*!40000 ALTER TABLE `product` ENABLE KEYS */;
UNLOCK TABLES;

--
-- Table structure for table `product_images`
--

DROP TABLE IF EXISTS `product_images`;
/*!40101 SET @saved_cs_client     = @@character_set_client */;
/*!50503 SET character_set_client = utf8mb4 */;
CREATE TABLE `product_images` (
  `product_id` bigint NOT NULL,
  `images` varchar(255) DEFAULT NULL,
  KEY `FKi8jnqq05sk5nkma3pfp3ylqrt` (`product_id`),
  CONSTRAINT `FKi8jnqq05sk5nkma3pfp3ylqrt` FOREIGN KEY (`product_id`) REFERENCES `product` (`id`)
) ENGINE=InnoDB DEFAULT CHARSET=utf8mb4 COLLATE=utf8mb4_0900_ai_ci;
/*!40101 SET character_set_client = @saved_cs_client */;

--
-- Dumping data for table `product_images`
--

LOCK TABLES `product_images` WRITE;
/*!40000 ALTER TABLE `product_images` DISABLE KEYS */;
INSERT INTO `product_images` VALUES (113,'http://res.cloudinary.com/dpucib9ge/image/upload/v1746805347/iwnjv1mactngpdkeh0ys.webp'),(113,'http://res.cloudinary.com/dpucib9ge/image/upload/v1746805347/asih4m7wgfrhn3ox25wn.webp'),(113,'http://res.cloudinary.com/dpucib9ge/image/upload/v1746805348/ljaxo5ktopkv5t5myvcg.webp'),(113,'http://res.cloudinary.com/dpucib9ge/image/upload/v1746805348/utvz60jkx3ycbvojnkyk.webp'),(112,'http://res.cloudinary.com/dpucib9ge/image/upload/v1746805240/edxbapdkqn8ddwuofwen.webp'),(112,'http://res.cloudinary.com/dpucib9ge/image/upload/v1746805240/h2ewzhr1hzhg0r2inliz.webp'),(112,'http://res.cloudinary.com/dpucib9ge/image/upload/v1746805240/dbylkdzokwsopbi6rhqc.webp'),(112,'http://res.cloudinary.com/dpucib9ge/image/upload/v1746805240/syju6cvzjdff0fg0zvbz.webp'),(114,'http://res.cloudinary.com/dpucib9ge/image/upload/v1746805443/w6zyzxjzb94hvv262iti.webp'),(114,'http://res.cloudinary.com/dpucib9ge/image/upload/v1746805443/wfqmu0j2ii6cnmuluirx.webp'),(114,'http://res.cloudinary.com/dpucib9ge/image/upload/v1746805442/ybshbihb5hqminzyckzf.webp'),(114,'http://res.cloudinary.com/dpucib9ge/image/upload/v1746805442/ycpfrylpkp1sntzslbuf.webp'),(115,'http://res.cloudinary.com/dpucib9ge/image/upload/v1746805693/lm1sarfjvkdi6p5devmi.webp'),(115,'http://res.cloudinary.com/dpucib9ge/image/upload/v1746805693/id36ezlcm6s6xw8nee03.webp'),(115,'http://res.cloudinary.com/dpucib9ge/image/upload/v1746805693/fcybjctagtnyclnwebvs.webp'),(115,'http://res.cloudinary.com/dpucib9ge/image/upload/v1746805693/w8v07kbkgcheiuz79mlw.webp'),(116,'http://res.cloudinary.com/dpucib9ge/image/upload/v1746805751/gbaoipzsuujjv9mk933c.webp'),(116,'http://res.cloudinary.com/dpucib9ge/image/upload/v1746805751/xcztqoxq3dc6pc2tpalk.webp'),(116,'http://res.cloudinary.com/dpucib9ge/image/upload/v1746805751/iq1msfx1vbowlkhpqrh8.webp'),(117,'http://res.cloudinary.com/dpucib9ge/image/upload/v1746805805/a8e5uzotn4wzigoxy46h.webp'),(117,'http://res.cloudinary.com/dpucib9ge/image/upload/v1746805807/rbtvcwd8bevcg9th3oya.webp'),(117,'http://res.cloudinary.com/dpucib9ge/image/upload/v1746805806/qcsqjcoqa32ptxtxxkeb.webp'),(118,'http://res.cloudinary.com/dpucib9ge/image/upload/v1746805841/hakdkghetdq4jgv2j0ja.webp'),(118,'http://res.cloudinary.com/dpucib9ge/image/upload/v1746805840/rocrzjc1bescs0i3qiuj.webp'),(118,'http://res.cloudinary.com/dpucib9ge/image/upload/v1746805840/vwzyqkjyy2nao6mnq1dy.webp'),(119,'http://res.cloudinary.com/dpucib9ge/image/upload/v1746806027/fmepknhp66ojhmqxofa7.webp'),(119,'http://res.cloudinary.com/dpucib9ge/image/upload/v1746806026/dxzrlv3yhc1cojsvk9hk.webp'),(119,'http://res.cloudinary.com/dpucib9ge/image/upload/v1746806026/mypoxvmd5fz3dgsefyz9.webp'),(119,'http://res.cloudinary.com/dpucib9ge/image/upload/v1746806027/ryesvr5dhlaq7nbiehiy.webp'),(119,'http://res.cloudinary.com/dpucib9ge/image/upload/v1746806027/v87edi8iqjllrfnhwxmc.webp'),(120,'http://res.cloudinary.com/dpucib9ge/image/upload/v1746806251/hhj2hrqjdoqplcnnbymz.webp'),(120,'http://res.cloudinary.com/dpucib9ge/image/upload/v1746806251/dm3c42va0qlqgh7iyroh.webp'),(120,'http://res.cloudinary.com/dpucib9ge/image/upload/v1746806251/qmri7no5ycyj51a89qyc.webp'),(120,'http://res.cloudinary.com/dpucib9ge/image/upload/v1746806251/j2yvvfbfeftbborfsqwa.webp'),(120,'http://res.cloudinary.com/dpucib9ge/image/upload/v1746806252/xywegvswbx0vfhl8l6mv.webp'),(121,'http://res.cloudinary.com/dpucib9ge/image/upload/v1746806310/cx1f8sx8bajriz7scdhe.webp'),(121,'http://res.cloudinary.com/dpucib9ge/image/upload/v1746806310/gokltt43e7lbf5bd700j.webp'),(121,'http://res.cloudinary.com/dpucib9ge/image/upload/v1746806310/xfplmtmviczg8cqmhbxt.webp'),(121,'http://res.cloudinary.com/dpucib9ge/image/upload/v1746806310/fuhrep80qah8alsendme.webp'),(122,'http://res.cloudinary.com/dpucib9ge/image/upload/v1746806359/bjhosujwcd6fcyxbqf7s.webp'),(122,'http://res.cloudinary.com/dpucib9ge/image/upload/v1746806359/ctiszfxgsamjoejq3ddd.webp'),(122,'http://res.cloudinary.com/dpucib9ge/image/upload/v1746806360/t297kiokwdpvukxdznjf.webp'),(122,'http://res.cloudinary.com/dpucib9ge/image/upload/v1746806360/cqdwtqgfretrmybw3bjr.webp'),(123,'http://res.cloudinary.com/dpucib9ge/image/upload/v1746806470/oczei4ahrlzvqfeucss1.webp'),(123,'http://res.cloudinary.com/dpucib9ge/image/upload/v1746806471/kkowxcnwdrtrrxatpxez.webp'),(123,'http://res.cloudinary.com/dpucib9ge/image/upload/v1746806470/yliynauaat3hbv0vwffh.webp'),(123,'http://res.cloudinary.com/dpucib9ge/image/upload/v1746806470/fsj9mxkpzlxff9hjeske.webp'),(124,'http://res.cloudinary.com/dpucib9ge/image/upload/v1746806500/h1jamr3ovosewbnxb5ny.webp'),(124,'http://res.cloudinary.com/dpucib9ge/image/upload/v1746806498/djma0yu1ebyuidmo2vqm.webp'),(124,'http://res.cloudinary.com/dpucib9ge/image/upload/v1746806498/ygjn2o3y353xys3xlzbg.webp'),(124,'http://res.cloudinary.com/dpucib9ge/image/upload/v1746806499/tzx9gz44lxic0cmtfyid.webp'),(125,'http://res.cloudinary.com/dpucib9ge/image/upload/v1746806631/hweawkcli2qyohord6qt.webp'),(125,'http://res.cloudinary.com/dpucib9ge/image/upload/v1746806630/uov5ohp1otvaf7e2moxu.webp'),(125,'http://res.cloudinary.com/dpucib9ge/image/upload/v1746806630/rbztm6acnhioxxbjanx7.webp'),(125,'http://res.cloudinary.com/dpucib9ge/image/upload/v1746806630/zkxhuk2ft11cuoq166k2.webp'),(125,'http://res.cloudinary.com/dpucib9ge/image/upload/v1746806631/byzaxcgcnzi2gcvqvljq.webp'),(126,'http://res.cloudinary.com/dpucib9ge/image/upload/v1746806685/mwnyhsvbtuyajjul1xfu.webp'),(126,'http://res.cloudinary.com/dpucib9ge/image/upload/v1746806685/odvivjfscsdjeoijqxnd.webp'),(126,'http://res.cloudinary.com/dpucib9ge/image/upload/v1746806685/tl3kb1w4ctd0ahahdegl.webp'),(126,'http://res.cloudinary.com/dpucib9ge/image/upload/v1746806685/svmnibpn7un1rb2qbeq4.webp'),(127,'http://res.cloudinary.com/dpucib9ge/image/upload/v1746806839/bj1dszjk4s6lcu4yfop1.webp'),(127,'http://res.cloudinary.com/dpucib9ge/image/upload/v1746806839/tdbzryc7bxe381cx2gta.webp'),(127,'http://res.cloudinary.com/dpucib9ge/image/upload/v1746806839/qh7radea25ngdijvlqvd.webp'),(128,'http://res.cloudinary.com/dpucib9ge/image/upload/v1746806978/yveovrjnvgjvqfmc2ziv.webp'),(128,'http://res.cloudinary.com/dpucib9ge/image/upload/v1746806978/yne0hjevycrnzyjr87z7.webp'),(128,'http://res.cloudinary.com/dpucib9ge/image/upload/v1746806978/kffy5yvdfzvge9niiguw.webp'),(129,'http://res.cloudinary.com/dpucib9ge/image/upload/v1746807053/cfbwefcbbpodipcja40l.webp'),(129,'http://res.cloudinary.com/dpucib9ge/image/upload/v1746807053/ishvglsgx4v8xgulkzux.webp'),(129,'http://res.cloudinary.com/dpucib9ge/image/upload/v1746807053/ph4hakdirz4vdkutv9qx.webp'),(130,'http://res.cloudinary.com/dpucib9ge/image/upload/v1746807159/xrkwkwn6d2yu9idatgx1.webp'),(130,'http://res.cloudinary.com/dpucib9ge/image/upload/v1746807160/ipffatrzi0frbyojjjd3.webp'),(130,'http://res.cloudinary.com/dpucib9ge/image/upload/v1746807160/ga60vct5igyyvr8aumly.webp'),(130,'http://res.cloudinary.com/dpucib9ge/image/upload/v1746807160/bxfxof7vkan8ufonuwum.webp'),(131,'http://res.cloudinary.com/dpucib9ge/image/upload/v1746807198/z6trekjx0ctrvyjlifwx.webp'),(131,'http://res.cloudinary.com/dpucib9ge/image/upload/v1746807199/alquoa6apurup8do62zk.webp'),(131,'http://res.cloudinary.com/dpucib9ge/image/upload/v1746807199/xqycnl3mldkde5mfhyle.jpg'),(131,'http://res.cloudinary.com/dpucib9ge/image/upload/v1746807198/eup5f5k29sswmd3bzq4f.webp');
/*!40000 ALTER TABLE `product_images` ENABLE KEYS */;
UNLOCK TABLES;

--
-- Table structure for table `product_variant`
--

DROP TABLE IF EXISTS `product_variant`;
/*!40101 SET @saved_cs_client     = @@character_set_client */;
/*!50503 SET character_set_client = utf8mb4 */;
CREATE TABLE `product_variant` (
  `id` bigint NOT NULL AUTO_INCREMENT,
  `name` varchar(100) NOT NULL,
  `price` double NOT NULL,
  `quantity` int NOT NULL,
  `product_id` bigint NOT NULL,
  `deleted` bit(1) NOT NULL,
  PRIMARY KEY (`id`),
  KEY `FKgrbbs9t374m9gg43l6tq1xwdj` (`product_id`),
  CONSTRAINT `FKgrbbs9t374m9gg43l6tq1xwdj` FOREIGN KEY (`product_id`) REFERENCES `product` (`id`)
) ENGINE=InnoDB AUTO_INCREMENT=179 DEFAULT CHARSET=utf8mb4 COLLATE=utf8mb4_0900_ai_ci;
/*!40101 SET character_set_client = @saved_cs_client */;

--
-- Dumping data for table `product_variant`
--

LOCK TABLES `product_variant` WRITE;
/*!40000 ALTER TABLE `product_variant` DISABLE KEYS */;
INSERT INTO `product_variant` VALUES (151,'500Gr',52000,50,113,_binary '\0'),(152,'1Kg',85000,50,113,_binary '\0'),(153,'500Gr',110000,100,112,_binary '\0'),(154,'1Kg',130000,100,112,_binary '\0'),(155,'500Gr',52000,50,114,_binary '\0'),(156,'1Kg',85000,50,114,_binary '\0'),(157,'500Gr',179000,50,117,_binary '\0'),(158,'1Kg',320000,50,117,_binary '\0'),(159,'Bánh Phồng Rau Củ 200Gr',33000,50,119,_binary '\0'),(160,'Bánh Phồng Rau Củ 400Gr',62000,49,119,_binary '\0'),(161,'Bánh Phồng Gạo Lứt 200Gr',33000,50,119,_binary '\0'),(162,'Bánh Phồng Gạo Lứt 400Gr',62000,50,119,_binary '\0'),(163,'Mỳ Chũ 5 Vị',108000,50,121,_binary '\0'),(164,'Mỳ Chũ 8 Vị',108000,50,121,_binary '\0'),(165,'500Gr',59000,50,125,_binary '\0'),(166,'1Kg',105000,50,125,_binary '\0'),(167,'500Gr',59000,50,126,_binary '\0'),(168,'1Kg',105000,50,126,_binary '\0'),(169,'500Gr',59000,50,127,_binary '\0'),(170,'1Kg',105000,50,127,_binary '\0'),(171,'500Gr',72000,50,128,_binary '\0'),(172,'1Kg',129000,50,128,_binary '\0'),(173,'500Gr',79000,50,129,_binary '\0'),(174,'1Kg',129000,50,129,_binary '\0'),(175,'500Gr',69000,50,130,_binary '\0'),(176,'1Kg',119000,50,130,_binary '\0'),(177,'500Gr',79000,49,131,_binary '\0'),(178,'1Kg',129000,50,131,_binary '\0');
/*!40000 ALTER TABLE `product_variant` ENABLE KEYS */;
UNLOCK TABLES;

--
-- Table structure for table `profile`
--

DROP TABLE IF EXISTS `profile`;
/*!40101 SET @saved_cs_client     = @@character_set_client */;
/*!50503 SET character_set_client = utf8mb4 */;
CREATE TABLE `profile` (
  `id` bigint NOT NULL AUTO_INCREMENT,
  `avatar` varchar(255) DEFAULT NULL,
  `email` varchar(255) NOT NULL,
  `full_name` varchar(100) NOT NULL,
  `phone_number` varchar(255) NOT NULL,
  PRIMARY KEY (`id`)
) ENGINE=InnoDB AUTO_INCREMENT=8 DEFAULT CHARSET=utf8mb4 COLLATE=utf8mb4_0900_ai_ci;
/*!40101 SET character_set_client = @saved_cs_client */;

--
-- Dumping data for table `profile`
--

LOCK TABLES `profile` WRITE;
/*!40000 ALTER TABLE `profile` DISABLE KEYS */;
INSERT INTO `profile` VALUES (1,'http://res.cloudinary.com/dpucib9ge/image/upload/v1730063803/ruzmfyqpz9gjv10gywwj.png','hovinh7168e@gmail.com','Nguyen Van Ânnnn','0967626483'),(4,'http://res.cloudinary.com/dpucib9ge/image/upload/v1729279270/ipon9wvbq7izmso8qe0s.jpg','hovinh414@gmail.com','Thành Vinh','0967626483'),(5,'http://res.cloudinary.com/dpucib9ge/image/upload/v1729824669/j3ao7aekzqw2vyjwahmn.ico','lta24012k2@gmail.com','Nguyễn Thành Quỳnh','0327807422'),(7,'http://res.cloudinary.com/dpucib9ge/image/upload/v1730584386/ko2ajlcedjmnmkva6asu.png','tranvanb@gmail.com','Trần Văn B','0987654321');
/*!40000 ALTER TABLE `profile` ENABLE KEYS */;
UNLOCK TABLES;

--
-- Table structure for table `review`
--

DROP TABLE IF EXISTS `review`;
/*!40101 SET @saved_cs_client     = @@character_set_client */;
/*!50503 SET character_set_client = utf8mb4 */;
CREATE TABLE `review` (
  `id` bigint NOT NULL AUTO_INCREMENT,
  `content` varchar(255) DEFAULT NULL,
  `rating` int DEFAULT NULL,
  `review_time` datetime(6) DEFAULT NULL,
  `parent_review_id` bigint DEFAULT NULL,
  `product_id` bigint DEFAULT NULL,
  `user_id` bigint DEFAULT NULL,
  PRIMARY KEY (`id`),
  KEY `FKnplfourh24q37geshp603tcst` (`parent_review_id`),
  KEY `FKiyof1sindb9qiqr9o8npj8klt` (`product_id`),
  KEY `FKiyf57dy48lyiftdrf7y87rnxi` (`user_id`),
  CONSTRAINT `FKiyf57dy48lyiftdrf7y87rnxi` FOREIGN KEY (`user_id`) REFERENCES `user` (`id`),
  CONSTRAINT `FKiyof1sindb9qiqr9o8npj8klt` FOREIGN KEY (`product_id`) REFERENCES `product` (`id`),
  CONSTRAINT `FKnplfourh24q37geshp603tcst` FOREIGN KEY (`parent_review_id`) REFERENCES `review` (`id`)
) ENGINE=InnoDB DEFAULT CHARSET=utf8mb4 COLLATE=utf8mb4_0900_ai_ci;
/*!40101 SET character_set_client = @saved_cs_client */;

--
-- Dumping data for table `review`
--

LOCK TABLES `review` WRITE;
/*!40000 ALTER TABLE `review` DISABLE KEYS */;
/*!40000 ALTER TABLE `review` ENABLE KEYS */;
UNLOCK TABLES;

--
-- Table structure for table `user`
--

DROP TABLE IF EXISTS `user`;
/*!40101 SET @saved_cs_client     = @@character_set_client */;
/*!50503 SET character_set_client = utf8mb4 */;
CREATE TABLE `user` (
  `id` bigint NOT NULL AUTO_INCREMENT,
  `account_locked` bit(1) NOT NULL,
  `last_login_time` datetime(6) DEFAULT NULL,
  `password` varchar(255) NOT NULL,
  `points` int NOT NULL,
  `reset_token` varchar(255) DEFAULT NULL,
  `role` varchar(255) DEFAULT NULL,
  `username` varchar(50) NOT NULL,
  `profile_id` bigint DEFAULT NULL,
  PRIMARY KEY (`id`),
  UNIQUE KEY `UK1mcjtpxmwom9h9bf2q0k412e0` (`profile_id`),
  CONSTRAINT `FKof44u64o1d7scaukghm9veo23` FOREIGN KEY (`profile_id`) REFERENCES `profile` (`id`)
) ENGINE=InnoDB AUTO_INCREMENT=10 DEFAULT CHARSET=utf8mb4 COLLATE=utf8mb4_0900_ai_ci;
/*!40101 SET character_set_client = @saved_cs_client */;

--
-- Dumping data for table `user`
--

LOCK TABLES `user` WRITE;
/*!40000 ALTER TABLE `user` DISABLE KEYS */;
INSERT INTO `user` VALUES (1,_binary '\0','2025-05-09 23:25:19.166631','$2a$10$.3JPwyPyJc0ZkmzHwq7AL.GIqY5KRD6GlmZ7gmeEHYemDUR8EL6TO',17304,NULL,'ADMIN','admin',1),(6,_binary '\0','2025-05-09 22:22:16.719803','$2a$10$zkOpj5LcVMytQ2Cdsf9D5Ojn3Taf.xtQsB4cEPW47JsjqLjCjHSOG',743106,NULL,'STAFF','hovinh1003',4),(7,_binary '\0','2024-10-26 22:13:36.051068','$2a$10$ckx4Wnc7DX3MwUEYM4ay9.lQDk9JsM4fRNv12KAnMeJzmyEWSJe7O',2958,NULL,'USER','lta',5),(9,_binary '',NULL,'$2a$10$vpsh/iF9R9zxGaBySPfyAup8CiSBNXhfrNsRr3OvmRtpC5HTpNJgi',0,NULL,'ADMIN','tranvanb',7);
/*!40000 ALTER TABLE `user` ENABLE KEYS */;
UNLOCK TABLES;

--
-- Table structure for table `voucher`
--

DROP TABLE IF EXISTS `voucher`;
/*!40101 SET @saved_cs_client     = @@character_set_client */;
/*!50503 SET character_set_client = utf8mb4 */;
CREATE TABLE `voucher` (
  `id` bigint NOT NULL AUTO_INCREMENT,
  `code` varchar(50) NOT NULL,
  `discount_value` double NOT NULL,
  `end_date` date DEFAULT NULL,
  `is_active` bit(1) NOT NULL,
  `start_date` date DEFAULT NULL,
  PRIMARY KEY (`id`)
) ENGINE=InnoDB AUTO_INCREMENT=9 DEFAULT CHARSET=utf8mb4 COLLATE=utf8mb4_0900_ai_ci;
/*!40101 SET character_set_client = @saved_cs_client */;

--
-- Dumping data for table `voucher`
--

LOCK TABLES `voucher` WRITE;
/*!40000 ALTER TABLE `voucher` DISABLE KEYS */;
/*!40000 ALTER TABLE `voucher` ENABLE KEYS */;
UNLOCK TABLES;
/*!40103 SET TIME_ZONE=@OLD_TIME_ZONE */;

/*!40101 SET SQL_MODE=@OLD_SQL_MODE */;
/*!40014 SET FOREIGN_KEY_CHECKS=@OLD_FOREIGN_KEY_CHECKS */;
/*!40014 SET UNIQUE_CHECKS=@OLD_UNIQUE_CHECKS */;
/*!40101 SET CHARACTER_SET_CLIENT=@OLD_CHARACTER_SET_CLIENT */;
/*!40101 SET CHARACTER_SET_RESULTS=@OLD_CHARACTER_SET_RESULTS */;
/*!40101 SET COLLATION_CONNECTION=@OLD_COLLATION_CONNECTION */;
/*!40111 SET SQL_NOTES=@OLD_SQL_NOTES */;

-- Dump completed on 2025-05-10 19:57:33
